Age,Education,YearsExperience,JobRole,Location,EmploymentType,CompanySize,Salary
49,Master's,14,Business Analyst,Noida,Full-time,Startup,1401000
23,Bachelor's,1,DevOps Engineer,Delhi,Full-time,Large,1104000
42,Bachelor's,11,Product Analyst,Chennai,Full-time,Large,1610000
29,Bachelor's,6,Database Administrator,Hyderabad,Full-time,Startup,1027000
48,Master's,14,DevOps Engineer,Chennai,Contract,Small,1751000
24,Bachelor's,1,Data Analyst,Ahmedabad,Full-time,Small,330000
51,Bachelor's,15,ML Engineer,Kolkata,Part-time,Large,1382000
45,Bachelor's,12,Software Engineer,Kolkata,Part-time,Large,850000
44,Bachelor's,10,DevOps Engineer,Chennai,Contract,Medium,1660000
29,Bachelor's,7,Software Engineer,Noida,Full-time,Small,1169000
42,Bachelor's,2,Business Analyst,Chennai,Full-time,Medium,1093000
35,Bachelor's,9,Data Scientist,Noida,Full-time,Medium,1553000
43,Bachelor's,6,Web Developer,Noida,Full-time,Startup,937000
26,Master's,3,Web Developer,Ahmedabad,Full-time,Small,802000
21,Bachelor's,0,Database Administrator,Pune,Full-time,Small,549000
53,PhD,23,Project Manager,Gurugram,Full-time,Small,3352000
32,Bachelor's,6,Software Engineer,Mumbai,Full-time,Startup,1053000
52,Master's,0,Data Analyst,Mumbai,Full-time,Large,907000
24,Master's,2,Software Engineer,Delhi,Full-time,Medium,977000
53,Bachelor's,8,Project Manager,Chennai,Full-time,Medium,1400000
23,Bachelor's,2,ML Engineer,Pune,Contract,Small,1087000
45,PhD,17,Product Analyst,Chennai,Full-time,Startup,2073000
22,Bachelor's,0,Business Analyst,Mumbai,Contract,Startup,669000
40,Master's,0,Software Engineer,Gurugram,Contract,Medium,926000
45,PhD,2,Data Analyst,Hyderabad,Full-time,Small,810000
28,Master's,6,Software Engineer,Chennai,Full-time,Small,1141000
28,Bachelor's,2,Business Analyst,Bengaluru,Full-time,Medium,758000
55,PhD,16,Business Analyst,Delhi,Full-time,Startup,2069000
51,PhD,2,Web Developer,Mumbai,Full-time,Small,813000
23,Bachelor's,1,Project Manager,Noida,Full-time,Medium,956000
37,Master's,7,Project Manager,,Full-time,Large,1964000
40,Bachelor's,0,Data Scientist,Noida,Full-time,Medium,1311000
42,Bachelor's,18,Project Manager,Ahmedabad,Contract,Small,1438000
53,Master's,7,Business Analyst,Noida,Full-time,Startup,926000
55,PhD,15,Product Analyst,Chennai,Contract,Small,1553000
21,Bachelor's,0,Project Manager,Kolkata,Full-time,Small,936000
25,Bachelor's,4,Product Analyst,Chennai,Full-time,Startup,809000
32,Master's,9,Business Analyst,Noida,Full-time,Medium,1522000
30,Master's,5,Data Analyst,Pune,Full-time,Medium,1103000
24,Bachelor's,3,ML Engineer,Hyderabad,Full-time,Medium,1433000
44,Bachelor's,11,Software Engineer,Bengaluru,Contract,Large,1833000
49,Bachelor's,12,,Chennai,Full-time,Small,1388000
49,Master's,25,Data Analyst,Chennai,Full-time,Startup,2243000
45,PhD,20,Web Developer,Ahmedabad,Full-time,Medium,1866000
55,Bachelor's,17,DevOps Engineer,Noida,Contract,Large,2234000
50,Bachelor's,16,Web Developer,Kolkata,Full-time,Large,1579000
32,Master's,8,Database Administrator,Noida,Part-time,Medium,700000
25,Master's,2,Web Developer,Mumbai,Full-time,Large,1043000
34,Bachelor's,9,ML Engineer,Hyderabad,Part-time,Medium,1009000
33,Bachelor's,7,Data Analyst,Ahmedabad,Full-time,Medium,841000
28,Master's,7,Project Manager,Pune,Full-time,Large,1979000
39,Bachelor's,11,Product Analyst,Ahmedabad,Full-time,Small,939000
48,Master's,25,DevOps Engineer,Kolkata,Full-time,Medium,2098000
45,Bachelor's,23,Business Analyst,Delhi,Contract,Large,2288000
41,Bachelor's,15,Business Analyst,Pune,Full-time,Large,2030000
51,Master's,0,Project Manager,Chennai,Contract,Startup,1002000
52,Master's,15,DevOps Engineer,Mumbai,Full-time,Startup,2041000
48,PhD,4,Project Manager,Bengaluru,Full-time,Small,1375000
49,Master's,12,Project Manager,Hyderabad,Full-time,Medium,2073000
53,Bachelor's,0,Software Engineer,Mumbai,Full-time,Small,758000
33,Bachelor's,0,Data Scientist,Bengaluru,Full-time,Startup,1050000
23,Master's,0,Business Analyst,Mumbai,Full-time,Small,818000
29,PhD,0,Web Developer,Bengaluru,Full-time,Medium,897000
54,Bachelor's,2,Software Engineer,Delhi,Part-time,Startup,369000
37,Bachelor's,15,ML Engineer,Mumbai,Full-time,Medium,2264000
50,Bachelor's,14,Data Analyst,Pune,Full-time,Medium,1579000
50,Bachelor's,22,Software Engineer,Mumbai,Contract,Medium,2640000
22,Bachelor's,0,Data Scientist,Kolkata,Full-time,Medium,778000
36,Bachelor's,7,Web Developer,Gurugram,Full-time,Large,1232000
39,Bachelor's,4,Product Analyst,Delhi,Full-time,Startup,894000
46,Bachelor's,13,Product Analyst,Kolkata,Full-time,Medium,1313000
37,Master's,3,Software Engineer,Chennai,Full-time,Startup,890000
42,Master's,13,ML Engineer,Gurugram,Full-time,Startup,1809000
43,Master's,13,Data Analyst,Ahmedabad,Full-time,Small,1012000
48,Bachelor's,9,Software Engineer,Noida,Full-time,Medium,1236000
30,Master's,2,Data Analyst,Pune,Full-time,Medium,689000
39,Bachelor's,9,Project Manager,Pune,Full-time,Medium,1591000
53,Bachelor's,21,Project Manager,Noida,Full-time,Large,2433000
50,Master's,23,ML Engineer,Chennai,Full-time,Small,2754000
48,Master's,10,Project Manager,Delhi,Full-time,Startup,1602000
22,Bachelor's,0,Product Analyst,Chennai,Contract,Startup,475000
40,Bachelor's,16,Software Engineer,Ahmedabad,Full-time,Startup,1364000
33,Master's,10,Project Manager,Hyderabad,Full-time,Medium,1944000
40,Bachelor's,0,Database Administrator,Bengaluru,Full-time,Medium,714000
55,Bachelor's,29,Business Analyst,Hyderabad,Full-time,Medium,3164000
49,Master's,7,Business Analyst,Chennai,Full-time,Large,1573000
46,Bachelor's,3,Product Analyst,Kolkata,Full-time,Medium,814000
53,Bachelor's,22,Software Engineer,Kolkata,Full-time,Small,1813000
26,Bachelor's,5,Data Scientist,Gurugram,Full-time,Startup,1403000
47,PhD,3,Database Administrator,Bengaluru,Full-time,Large,1414000
24,Master's,1,Business Analyst,Ahmedabad,Full-time,Large,911000
25,Bachelor's,4,Data Analyst,Chennai,Full-time,Medium,765000
25,Bachelor's,3,Product Analyst,Gurugram,Full-time,Small,887000
45,Bachelor's,0,Web Developer,Pune,Contract,Startup,681000
48,Bachelor's,25,Data Scientist,Gurugram,Contract,Large,2608000
43,Master's,0,ML Engineer,Chennai,Full-time,Small,1023000
29,Master's,3,Product Analyst,Kolkata,Full-time,Small,827000
47,Master's,1,Data Scientist,Delhi,Full-time,Medium,1281000
44,,0,Project Manager,Ahmedabad,Full-time,Medium,779000
27,Bachelor's,0,ML Engineer,Chennai,Full-time,Large,1162000
49,Bachelor's,16,DevOps Engineer,Chennai,Full-time,Large,1914000
50,Master's,5,Web Developer,Bengaluru,Full-time,Startup,1094000
30,Master's,9,Data Analyst,Bengaluru,Full-time,Startup,1307000
23,Master's,2,DevOps Engineer,Delhi,Full-time,Medium,1253000
48,Master's,14,Data Scientist,Gurugram,Full-time,Large,2793000
41,Bachelor's,13,Data Analyst,Noida,Full-time,Medium,1538000
39,Master's,3,Data Analyst,Hyderabad,Contract,Medium,842000
32,Master's,3,Project Manager,Kolkata,Full-time,Small,1182000
42,Bachelor's,11,Product Analyst,Gurugram,Part-time,Medium,985000
29,Master's,7,Database Administrator,Noida,Full-time,Medium,1080000
46,Master's,25,Data Analyst,Noida,Full-time,Large,2755000
54,Bachelor's,16,Project Manager,Ahmedabad,Full-time,Startup,1489000
47,Bachelor's,24,DevOps Engineer,Hyderabad,Full-time,Medium,2303000
48,Bachelor's,25,Data Analyst,Delhi,Full-time,Startup,2187000
46,Master's,20,Web Developer,Bengaluru,Full-time,Medium,2611000
42,Bachelor's,4,Product Analyst,Pune,Full-time,Startup,865000
37,Bachelor's,12,Database Administrator,Ahmedabad,Full-time,Small,1275000
45,Bachelor's,6,Data Analyst,Mumbai,Full-time,Large,1057000
32,Bachelor's,2,Software Engineer,Bengaluru,Part-time,Small,559000
28,Master's,6,ML Engineer,Mumbai,Full-time,Large,1972000
45,Bachelor's,11,Product Analyst,Kolkata,Contract,Startup,1134000
34,Master's,4,Data Scientist,Gurugram,Part-time,Large,913000
50,Master's,19,Data Analyst,Ahmedabad,Full-time,Medium,1532000
23,Bachelor's,0,Product Analyst,Noida,Full-time,Medium,950000
24,Master's,0,Data Analyst,Bengaluru,Contract,Medium,818000
55,Master's,28,Business Analyst,Kolkata,Full-time,Small,2010000
50,Bachelor's,24,Web Developer,Mumbai,Full-time,Startup,2119000
38,Bachelor's,4,Software Engineer,Mumbai,Part-time,Small,509000
44,Bachelor's,3,Product Analyst,Mumbai,Contract,Startup,1021000
45,PhD,6,DevOps Engineer,Pune,Contract,Startup,1269000
30,Bachelor's,1,Database Administrator,Bengaluru,Part-time,Large,438000
29,Master's,2,Software Engineer,Ahmedabad,Full-time,Medium,921000
23,Bachelor's,2,DevOps Engineer,Kolkata,Full-time,Medium,832000
48,Bachelor's,8,Data Analyst,Ahmedabad,Contract,Medium,961000
54,Bachelor's,23,Project Manager,Gurugram,Full-time,Startup,2465000
23,Bachelor's,1,Software Engineer,Delhi,Full-time,Large,931000
33,Bachelor's,10,Business Analyst,Ahmedabad,Full-time,Medium,1121000
30,Master's,4,Data Analyst,,Full-time,Large,1076000
22,Bachelor's,1,Software Engineer,Kolkata,Full-time,Small,759000
26,Master's,2,Product Analyst,Kolkata,Part-time,Small,436000
50,Bachelor's,4,Web Developer,Pune,Full-time,Startup,644000
30,Bachelor's,5,Product Analyst,Gurugram,Full-time,Large,1361000
49,Master's,11,Data Scientist,Pune,Full-time,Startup,1419000
31,Bachelor's,9,Data Analyst,Hyderabad,Part-time,Small,419000
35,Master's,6,Web Developer,Hyderabad,Full-time,Startup,718000
35,Bachelor's,1,Software Engineer,Kolkata,Full-time,Medium,634000
47,Bachelor's,7,Database Administrator,Bengaluru,Full-time,Startup,1093000
49,Bachelor's,11,Product Analyst,Chennai,Full-time,Medium,1232000
27,Master's,0,Web Developer,Pune,Full-time,Startup,464000
22,Bachelor's,1,Software Engineer,Gurugram,Full-time,Medium,957000
51,Bachelor's,5,Database Administrator,Bengaluru,Part-time,Large,697000
32,Bachelor's,8,Project Manager,Delhi,Full-time,Small,1578000
53,Bachelor's,1,Database Administrator,Bengaluru,Contract,Small,833000
31,Master's,2,Database Administrator,Delhi,Full-time,Medium,1082000
32,PhD,7,Web Developer,Noida,Full-time,Medium,1284000
34,Master's,10,ML Engineer,Kolkata,Contract,Startup,1561000
28,Master's,4,ML Engineer,Chennai,Full-time,Startup,1301000
23,Bachelor's,1,Project Manager,Bengaluru,Contract,Startup,803000
44,Master's,19,Web Developer,Gurugram,Full-time,Medium,2154000
22,Master's,0,Project Manager,Noida,Full-time,Medium,1123000
32,Master's,2,DevOps Engineer,Mumbai,Full-time,Startup,1166000
34,Bachelor's,7,Web Developer,Hyderabad,Full-time,Medium,968000
48,Master's,1,Business Analyst,Bengaluru,Full-time,Startup,682000
23,Bachelor's,1,Product Analyst,Ahmedabad,Full-time,Startup,525000
28,PhD,2,Database Administrator,Delhi,Full-time,Startup,983000
48,Master's,14,Web Developer,Hyderabad,Part-time,Startup,909000
46,Bachelor's,0,Project Manager,Mumbai,Contract,Small,1057000
51,Bachelor's,23,Data Analyst,Noida,Full-time,Startup,1563000
36,Bachelor's,1,ML Engineer,Gurugram,Part-time,Startup,674000
42,Master's,14,ML Engineer,Noida,Contract,Medium,2042000
37,Master's,7,Software Engineer,Gurugram,Contract,Large,1637000
48,PhD,1,Project Manager,Kolkata,Contract,Large,1388000
33,Bachelor's,8,Data Analyst,Delhi,Full-time,Medium,1328000
39,Master's,12,DevOps Engineer,Delhi,Full-time,Small,1852000
27,Master's,6,Database Administrator,Bengaluru,Full-time,Small,1227000
34,Master's,9,Database Administrator,Chennai,Full-time,Large,1676000
48,Master's,20,Database Administrator,Mumbai,Full-time,Medium,2632000
26,Master's,5,Business Analyst,Noida,Full-time,Large,1243000
35,Master's,8,Data Scientist,Pune,Contract,Small,1168000
47,Bachelor's,14,DevOps Engineer,Ahmedabad,Full-time,Medium,1451000
24,Bachelor's,1,ML Engineer,Ahmedabad,Contract,Startup,721000
40,Bachelor's,3,Project Manager,Bengaluru,Full-time,Medium,1342000
33,Master's,6,Business Analyst,Delhi,Full-time,Large,1394000
28,Bachelor's,7,Product Analyst,Mumbai,Full-time,Medium,1306000
30,Bachelor's,8,Web Developer,Ahmedabad,Full-time,Medium,889000
41,Bachelor's,16,Business Analyst,Chennai,Full-time,Medium,1593000
34,Master's,12,Database Administrator,Hyderabad,Full-time,Medium,1626000
31,Bachelor's,6,Data Scientist,Pune,Full-time,Medium,1148000
53,Bachelor's,2,Software Engineer,Delhi,Full-time,Startup,798000
28,Master's,1,Product Analyst,Chennai,Full-time,Startup,613000
37,Master's,2,Web Developer,Gurugram,Full-time,Startup,892000
36,Bachelor's,9,Database Administrator,Noida,Full-time,Small,1329000
40,PhD,2,ML Engineer,Chennai,Full-time,Large,1739000
41,Master's,19,Data Analyst,Gurugram,Full-time,Startup,2047000
54,Bachelor's,13,ML Engineer,Hyderabad,Full-time,Small,1751000
23,Bachelor's,1,Web Developer,Hyderabad,Full-time,Large,556000
42,Bachelor's,4,Software Engineer,Ahmedabad,Full-time,Medium,1020000
23,,2,Database Administrator,Mumbai,Full-time,Startup,837000
34,Bachelor's,3,Product Analyst,Kolkata,Full-time,Medium,664000
36,Master's,5,Web Developer,Chennai,Part-time,Large,657000
54,Bachelor's,7,Web Developer,Kolkata,Full-time,Startup,815000
51,Master's,13,Project Manager,Hyderabad,Full-time,Startup,1525000
39,Bachelor's,1,Data Analyst,Hyderabad,Full-time,Medium,636000
29,Bachelor's,2,Software Engineer,Pune,Full-time,Startup,696000
49,Master's,19,Project Manager,Noida,Full-time,Large,2569000
47,Master's,21,Business Analyst,Delhi,Part-time,Startup,1080000
41,Bachelor's,5,Product Analyst,Noida,Full-time,Medium,993000
55,Bachelor's,10,Web Developer,Noida,Full-time,Startup,1208000
38,Master's,7,Web Developer,Delhi,Full-time,Large,1272000
21,Master's,0,Software Engineer,Ahmedabad,Contract,Small,560000
48,Bachelor's,10,DevOps Engineer,Delhi,Full-time,Medium,1386000
52,Bachelor's,11,Business Analyst,Gurugram,Full-time,Startup,1363000
44,Bachelor's,2,Business Analyst,Pune,Full-time,Small,814000
27,Bachelor's,2,Product Analyst,Mumbai,Full-time,Large,952000
30,Bachelor's,5,Software Engineer,Gurugram,Full-time,Medium,1097000
24,Bachelor's,1,Database Administrator,Ahmedabad,Full-time,Large,726000
32,PhD,10,Project Manager,Mumbai,Contract,Medium,2121000
29,Bachelor's,8,Product Analyst,Kolkata,Full-time,Small,969000
52,Master's,18,DevOps Engineer,Mumbai,Full-time,Large,3184000
41,Master's,7,ML Engineer,Noida,Full-time,Startup,1384000
45,Bachelor's,21,Data Analyst,Hyderabad,Full-time,Medium,2290000
44,Master's,11,Business Analyst,Bengaluru,Full-time,Small,1414000
49,Bachelor's,6,Database Administrator,Mumbai,Full-time,Medium,1236000
21,Bachelor's,0,Data Scientist,Ahmedabad,Full-time,Small,643000
47,Master's,26,Database Administrator,Pune,Full-time,Large,3382000
40,Master's,10,ML Engineer,Delhi,Contract,Large,2119000
24,Master's,3,Project Manager,Chennai,Full-time,Medium,1238000
40,Master's,16,Web Developer,Chennai,Full-time,Medium,1715000
24,Master's,3,Data Analyst,Hyderabad,Full-time,Startup,707000
44,Master's,12,Product Analyst,Delhi,Full-time,Large,1974000
50,Master's,22,Software Engineer,Hyderabad,Full-time,Startup,2336000
53,Master's,16,Web Developer,Delhi,Part-time,Medium,1163000
46,Bachelor's,15,Web Developer,Ahmedabad,Full-time,Startup,897000
37,Master's,12,Data Scientist,Ahmedabad,Contract,Startup,1336000
40,Bachelor's,16,Business Analyst,Pune,Full-time,Startup,1345000
26,Bachelor's,0,Database Administrator,Pune,Full-time,Large,814000
50,Bachelor's,21,Data Scientist,Noida,Contract,Startup,1788000
33,Bachelor's,5,Web Developer,Gurugram,Full-time,Medium,1094000
41,Bachelor's,3,ML Engineer,Delhi,Contract,Startup,1102000
27,Bachelor's,4,DevOps Engineer,Kolkata,Full-time,Large,1129000
43,Bachelor's,4,Data Scientist,Chennai,Part-time,Medium,584000
27,Bachelor's,5,Software Engineer,Gurugram,Full-time,Large,1262000
42,Bachelor's,16,Project Manager,Delhi,Contract,Small,1605000
30,Master's,1,Data Scientist,Noida,Full-time,Startup,1060000
30,Bachelor's,2,Software Engineer,Noida,Contract,Medium,878000
48,Bachelor's,13,Database Administrator,Gurugram,Part-time,Large,854000
45,Bachelor's,23,DevOps Engineer,Bengaluru,Full-time,Large,2714000
39,PhD,4,DevOps Engineer,Ahmedabad,Full-time,Small,1010000
41,Master's,7,DevOps Engineer,Hyderabad,Full-time,Medium,1694000
23,Bachelor's,2,DevOps Engineer,Delhi,Full-time,Startup,870000
52,Master's,27,Business Analyst,Pune,Contract,Large,3189000
36,Bachelor's,0,ML Engineer,Mumbai,Full-time,Medium,1148000
51,Bachelor's,26,Business Analyst,Kolkata,Full-time,Startup,1933000
55,Master's,27,Web Developer,Delhi,Full-time,Medium,2321000
31,Master's,1,Database Administrator,Mumbai,Full-time,Large,1045000
48,Bachelor's,23,Software Engineer,Mumbai,Full-time,Large,3123000
38,Master's,10,Project Manager,Bengaluru,Contract,Medium,1995000
36,Bachelor's,1,DevOps Engineer,Gurugram,Full-time,Startup,930000
21,Master's,0,ML Engineer,Chennai,Full-time,Medium,1272000
34,Master's,3,ML Engineer,Kolkata,Contract,Medium,1009000
53,Master's,5,ML Engineer,Hyderabad,Full-time,Medium,1450000
50,Bachelor's,13,Software Engineer,Kolkata,Full-time,Startup,1411000
42,Master's,15,Data Scientist,Chennai,Full-time,Large,2128000
39,Bachelor's,14,DevOps Engineer,Delhi,Full-time,Startup,1506000
29,Bachelor's,0,Database Administrator,Mumbai,Full-time,Small,780000
42,PhD,8,ML Engineer,Bengaluru,Full-time,Small,1868000
41,Bachelor's,20,Web Developer,Mumbai,Full-time,Startup,1575000
37,Master's,1,Software Engineer,Gurugram,Full-time,Small,959000
32,Bachelor's,8,Web Developer,Delhi,Full-time,Medium,1064000
27,Bachelor's,3,Project Manager,Chennai,Full-time,Large,1420000
21,Bachelor's,0,Project Manager,Delhi,Contract,Startup,934000
39,PhD,9,Software Engineer,Chennai,Full-time,Medium,1508000
33,Bachelor's,12,Software Engineer,Gurugram,Full-time,Startup,1387000
29,Bachelor's,7,Database Administrator,Bengaluru,Full-time,Small,1322000
33,Bachelor's,10,Software Engineer,Gurugram,Full-time,Small,1569000
53,PhD,25,Product Analyst,Mumbai,Full-time,Medium,2662000
43,Master's,16,Data Analyst,Hyderabad,Full-time,Small,1570000
48,Master's,7,Software Engineer,Ahmedabad,Full-time,Medium,1080000
49,Master's,8,Data Scientist,Ahmedabad,Full-time,Startup,1073000
26,Master's,2,Project Manager,Chennai,Full-time,Startup,1021000
32,Bachelor's,2,ML Engineer,Ahmedabad,Contract,Large,1183000
48,Master's,20,Data Analyst,Pune,Full-time,Small,1756000
50,Bachelor's,27,Data Scientist,Chennai,Contract,Large,2913000
53,Bachelor's,23,DevOps Engineer,Mumbai,Full-time,Startup,2392000
40,Bachelor's,18,Data Analyst,Chennai,Full-time,Startup,1566000
25,Master's,1,DevOps Engineer,Delhi,Full-time,Medium,1033000
25,,2,Web Developer,Ahmedabad,Full-time,Startup,457000
50,Master's,9,Business Analyst,Ahmedabad,Full-time,Medium,1301000
38,PhD,8,Web Developer,Bengaluru,Full-time,Small,1350000
54,Bachelor's,21,ML Engineer,Chennai,Full-time,Large,2795000
41,Master's,13,Business Analyst,Noida,Full-time,Startup,1423000
37,Master's,2,DevOps Engineer,Delhi,Full-time,Medium,1253000
41,Bachelor's,7,Software Engineer,Mumbai,Full-time,Startup,1284000
32,Bachelor's,5,ML Engineer,Mumbai,Contract,Small,1457000
32,Bachelor's,5,Data Scientist,Ahmedabad,Part-time,Medium,466000
31,Bachelor's,0,ML Engineer,Kolkata,Full-time,Medium,1031000
47,Bachelor's,17,Web Developer,Noida,Part-time,Startup,678000
53,Bachelor's,31,Project Manager,Chennai,Full-time,Medium,3275000
51,Bachelor's,22,Project Manager,Delhi,Full-time,Medium,2240000
22,Bachelor's,0,DevOps Engineer,Kolkata,Contract,Large,701000
46,Bachelor's,16,ML Engineer,Chennai,Full-time,Large,2547000
25,Master's,3,Software Engineer,Pune,Full-time,Startup,861000
54,Bachelor's,13,Project Manager,Chennai,Full-time,Medium,1821000
54,Bachelor's,15,Data Analyst,Hyderabad,Full-time,Medium,1520000
54,Master's,2,DevOps Engineer,Noida,Contract,Small,1069000
33,Bachelor's,4,Data Scientist,Kolkata,Full-time,Startup,813000
52,Bachelor's,29,Web Developer,Gurugram,Full-time,Medium,2567000
44,Bachelor's,14,Web Developer,Noida,Full-time,Small,1188000
54,Master's,17,Database Administrator,Bengaluru,Full-time,Startup,1877000
28,Bachelor's,0,Database Administrator,Kolkata,Full-time,Small,582000
24,Master's,3,Data Scientist,Chennai,Contract,Small,1153000
46,PhD,0,Database Administrator,Gurugram,Full-time,Startup,848000
33,PhD,4,Software Engineer,Pune,Full-time,Small,1146000
37,Bachelor's,4,ML Engineer,Kolkata,Full-time,Startup,1107000
55,Master's,6,Data Analyst,Mumbai,Contract,Large,1242000
42,Master's,0,ML Engineer,Hyderabad,Full-time,Large,1578000
23,Master's,1,Business Analyst,Gurugram,Full-time,Medium,913000
30,Bachelor's,4,Business Analyst,Ahmedabad,Full-time,Small,656000
42,Bachelor's,16,Product Analyst,Chennai,Full-time,Small,1584000
45,Bachelor's,3,Product Analyst,Delhi,Full-time,Medium,918000
37,Bachelor's,7,Project Manager,Mumbai,Full-time,Small,1450000
52,Bachelor's,20,ML Engineer,Ahmedabad,Full-time,Medium,1956000
36,Master's,10,ML Engineer,Pune,Contract,Startup,1713000
28,Bachelor's,4,Web Developer,Gurugram,Full-time,Startup,775000
48,Master's,12,ML Engineer,Ahmedabad,Full-time,Large,1993000
31,Bachelor's,5,Product Analyst,Noida,Full-time,Medium,1130000
39,PhD,10,DevOps Engineer,Gurugram,Contract,Startup,1747000
51,Master's,8,Product Analyst,Bengaluru,Contract,Medium,1279000
53,Master's,26,Product Analyst,Mumbai,Part-time,Medium,1851000
33,Bachelor's,2,DevOps Engineer,Bengaluru,Full-time,Large,1424000
51,Master's,27,Database Administrator,Pune,Part-time,Large,1800000
31,Bachelor's,4,Data Scientist,Noida,Full-time,Medium,1331000
24,Master's,3,Data Analyst,Bengaluru,Part-time,Medium,530000
28,Master's,5,Software Engineer,Noida,Contract,Large,1387000
49,Master's,21,Business Analyst,Ahmedabad,Contract,Small,1575000
28,Bachelor's,7,Business Analyst,Kolkata,Full-time,Large,1014000
29,Bachelor's,5,Data Analyst,Chennai,Full-time,Medium,835000
50,Bachelor's,2,ML Engineer,Ahmedabad,Full-time,Large,1142000
40,Master's,17,Data Analyst,Bengaluru,Full-time,Large,1891000
25,PhD,1,Project Manager,Hyderabad,Full-time,Startup,1169000
31,Master's,7,Data Scientist,Ahmedabad,Contract,Startup,1186000
43,Master's,9,Data Analyst,Pune,Full-time,Small,1106000
48,Bachelor's,13,Web Developer,Ahmedabad,Contract,Medium,1139000
54,Master's,28,Product Analyst,Pune,Full-time,Large,3162000
43,Bachelor's,12,Business Analyst,Kolkata,Full-time,Small,1077000
40,Master's,2,Project Manager,Pune,Part-time,Startup,523000
25,Bachelor's,4,Data Analyst,Mumbai,Full-time,Large,1093000
36,,7,Project Manager,Mumbai,Full-time,Small,1598000
30,Master's,1,Database Administrator,Bengaluru,Part-time,Startup,338000
45,Bachelor's,20,Software Engineer,Bengaluru,Full-time,Startup,2337000
44,Master's,1,ML Engineer,Delhi,Contract,Medium,1232000
49,Bachelor's,8,Project Manager,Pune,Part-time,Large,1062000
32,Bachelor's,6,Software Engineer,Chennai,Full-time,Medium,1055000
34,Master's,9,Data Analyst,Noida,Full-time,Medium,1462000
53,Bachelor's,18,Business Analyst,Delhi,Full-time,Large,2364000
51,Master's,3,Data Analyst,Gurugram,Contract,Medium,917000
34,PhD,7,Data Analyst,Noida,Contract,Startup,1111000
31,Bachelor's,4,Software Engineer,Delhi,Full-time,Medium,976000
53,Master's,18,Data Analyst,Noida,Contract,Medium,1846000
39,PhD,17,Database Administrator,Kolkata,Full-time,Medium,2108000
22,Bachelor's,1,Database Administrator,Mumbai,Full-time,Medium,812000
23,Bachelor's,1,Data Scientist,Hyderabad,Full-time,Medium,1071000
47,PhD,14,Database Administrator,Delhi,Full-time,Medium,1994000
42,Bachelor's,2,Product Analyst,Kolkata,Full-time,Medium,773000
22,Bachelor's,0,Data Scientist,Ahmedabad,Full-time,Medium,857000
50,Bachelor's,24,Software Engineer,Bengaluru,Full-time,Large,3069000
39,Bachelor's,0,Database Administrator,Ahmedabad,Full-time,Startup,679000
55,Master's,20,Web Developer,Kolkata,Full-time,Large,1776000
40,Bachelor's,12,Software Engineer,Mumbai,Contract,Medium,1360000
25,Bachelor's,2,DevOps Engineer,Hyderabad,Full-time,Medium,1012000
38,Bachelor's,15,Data Analyst,Delhi,Full-time,Medium,1513000
21,Bachelor's,0,DevOps Engineer,Chennai,Full-time,Small,917000
45,Bachelor's,6,Software Engineer,,Contract,Startup,1107000
35,Bachelor's,11,Project Manager,Ahmedabad,Full-time,Small,1313000
44,Bachelor's,3,Software Engineer,Noida,Full-time,Startup,933000
48,Master's,20,Data Scientist,Pune,Full-time,Large,2397000
32,Bachelor's,11,Product Analyst,Noida,Full-time,Medium,1303000
52,PhD,22,Web Developer,Ahmedabad,Full-time,Small,1587000
41,Bachelor's,8,Data Scientist,Noida,Full-time,Large,1765000
23,Bachelor's,1,Project Manager,Kolkata,Full-time,Medium,933000
43,Bachelor's,12,DevOps Engineer,Mumbai,Full-time,Medium,1897000
30,Bachelor's,2,Database Administrator,Ahmedabad,Full-time,Startup,640000
39,Master's,14,DevOps Engineer,Gurugram,Part-time,Small,1156000
21,Bachelor's,0,Data Analyst,Chennai,Full-time,Medium,644000
33,Bachelor's,0,ML Engineer,Gurugram,Full-time,Startup,971000
21,Bachelor's,0,Software Engineer,Kolkata,Full-time,Small,584000
52,Bachelor's,25,Database Administrator,Delhi,Full-time,Medium,2857000
27,Bachelor's,5,Data Scientist,Hyderabad,Full-time,Medium,1274000
50,Master's,24,Data Scientist,Hyderabad,Full-time,Large,3069000
48,Master's,19,Data Analyst,Hyderabad,Full-time,Large,2116000
49,Bachelor's,26,Data Scientist,Chennai,Full-time,Medium,2671000
31,Bachelor's,9,Data Analyst,Bengaluru,Full-time,Medium,1309000
35,Master's,8,Database Administrator,Ahmedabad,Full-time,Medium,1249000
55,Master's,18,ML Engineer,Kolkata,Full-time,Small,1788000
36,Master's,6,Business Analyst,Ahmedabad,Contract,Medium,965000
33,Bachelor's,10,DevOps Engineer,Gurugram,Full-time,Startup,1251000
50,Master's,29,Software Engineer,Ahmedabad,Full-time,Small,2485000
23,Master's,1,Software Engineer,Mumbai,Full-time,Startup,953000
42,Master's,9,Web Developer,Noida,Part-time,Large,793000
28,Bachelor's,0,Project Manager,Delhi,Full-time,Large,1230000
26,Master's,0,DevOps Engineer,Gurugram,Full-time,Small,1026000
53,PhD,26,Product Analyst,Chennai,Part-time,Startup,1027000
33,PhD,0,Business Analyst,Chennai,Full-time,Startup,663000
35,Bachelor's,10,Data Scientist,Mumbai,Contract,Medium,1865000
49,Bachelor's,18,Product Analyst,Kolkata,Full-time,Medium,1847000
25,Bachelor's,2,Business Analyst,Hyderabad,Full-time,Large,976000
45,Bachelor's,13,Data Analyst,Noida,Contract,Startup,1307000
45,Bachelor's,8,Project Manager,Chennai,Full-time,Large,1698000
32,Bachelor's,5,Software Engineer,Hyderabad,Full-time,Large,1331000
40,Bachelor's,5,DevOps Engineer,Ahmedabad,Full-time,Startup,945000
22,,1,DevOps Engineer,Gurugram,Full-time,Medium,1038000
40,Bachelor's,19,ML Engineer,Gurugram,Full-time,Medium,2367000
29,Bachelor's,2,Business Analyst,Ahmedabad,Full-time,Medium,636000
32,Master's,0,Product Analyst,Chennai,Full-time,Large,839000
54,Bachelor's,19,DevOps Engineer,Ahmedabad,Full-time,Small,1636000
28,Bachelor's,4,Product Analyst,Noida,Full-time,Small,814000
46,Master's,21,Data Analyst,Delhi,Contract,Startup,1395000
48,Master's,13,Business Analyst,Delhi,Contract,Small,1408000
43,Bachelor's,16,Product Analyst,Kolkata,Full-time,Small,1275000
38,Master's,11,Product Analyst,Noida,Contract,Large,1752000
40,Bachelor's,17,Database Administrator,Delhi,Contract,Small,1720000
24,Master's,2,DevOps Engineer,Bengaluru,Contract,Medium,1158000
46,Master's,13,Web Developer,Noida,Contract,Medium,1415000
23,Bachelor's,0,Project Manager,Delhi,Part-time,Medium,562000
34,,2,Software Engineer,Mumbai,Full-time,Medium,1263000
42,Bachelor's,3,Product Analyst,Hyderabad,Full-time,Small,783000
53,Bachelor's,0,Software Engineer,Gurugram,Full-time,Large,798000
46,Master's,14,ML Engineer,Mumbai,Full-time,Large,2439000
22,Bachelor's,1,Software Engineer,Noida,Contract,Small,880000
50,Bachelor's,20,Software Engineer,Gurugram,Full-time,Medium,2186000
51,Bachelor's,20,Web Developer,Bengaluru,Contract,Large,2675000
36,Bachelor's,8,Software Engineer,Kolkata,Full-time,Small,987000
21,Master's,0,Product Analyst,Chennai,Full-time,Startup,767000
41,PhD,7,Project Manager,Delhi,Full-time,Startup,1521000
28,Bachelor's,0,Data Scientist,Gurugram,Full-time,Large,1143000
37,Master's,5,Project Manager,Hyderabad,Full-time,Medium,1545000
42,Bachelor's,16,Product Analyst,Pune,Full-time,Medium,1833000
55,Bachelor's,27,Data Analyst,Gurugram,Full-time,Large,3359000
24,Bachelor's,1,Database Administrator,Gurugram,Full-time,Startup,757000
44,Master's,21,Product Analyst,Pune,Full-time,Medium,2288000
25,Master's,2,Software Engineer,Chennai,Full-time,Medium,1059000
40,Master's,11,ML Engineer,Noida,Full-time,Small,1831000
23,Master's,1,Web Developer,Bengaluru,Contract,Startup,697000
35,Master's,13,DevOps Engineer,Kolkata,Full-time,Small,1265000
43,Master's,3,Business Analyst,Chennai,Full-time,Medium,861000
28,Bachelor's,6,Business Analyst,Ahmedabad,Full-time,Medium,737000
49,Bachelor's,4,Data Analyst,Bengaluru,Full-time,Medium,1035000
33,Master's,10,Project Manager,Ahmedabad,Contract,Startup,1283000
54,Bachelor's,30,Software Engineer,Noida,Full-time,Large,3245000
41,Master's,14,Project Manager,Chennai,Full-time,Small,1912000
37,Bachelor's,12,Software Engineer,Delhi,Full-time,Startup,1385000
33,Bachelor's,0,DevOps Engineer,Chennai,Full-time,Medium,921000
43,Bachelor's,1,Business Analyst,Ahmedabad,Full-time,Startup,528000
34,Bachelor's,13,ML Engineer,Chennai,Full-time,Startup,1746000
55,Bachelor's,18,Data Scientist,Ahmedabad,Contract,Large,1885000
21,Bachelor's,0,Web Developer,Delhi,Full-time,Medium,501000
24,Bachelor's,3,Web Developer,Ahmedabad,Full-time,Large,708000
51,Bachelor's,8,Data Analyst,Gurugram,Full-time,Medium,1031000
36,Bachelor's,2,Project Manager,Hyderabad,Full-time,Large,1401000
43,Bachelor's,4,DevOps Engineer,Ahmedabad,Full-time,Startup,856000
26,Master's,1,DevOps Engineer,Ahmedabad,Full-time,Small,819000
23,Bachelor's,1,Software Engineer,Pune,Full-time,Startup,674000
52,Master's,21,Data Scientist,Delhi,Full-time,Small,2586000
29,Bachelor's,6,Data Analyst,Bengaluru,Full-time,Startup,830000
25,Bachelor's,3,Database Administrator,Hyderabad,Full-time,Small,816000
45,Bachelor's,13,Data Analyst,Ahmedabad,Full-time,Startup,1139000
27,Bachelor's,6,Data Analyst,Kolkata,Full-time,Startup,488000
46,Bachelor's,15,Product Analyst,Pune,Part-time,Medium,1004000
47,Bachelor's,14,ML Engineer,Noida,Full-time,Startup,1749000
37,Master's,3,Business Analyst,Ahmedabad,Full-time,Medium,860000
32,Bachelor's,4,Product Analyst,Noida,Full-time,Medium,874000
39,Bachelor's,12,Business Analyst,Noida,Full-time,Startup,1036000
22,Bachelor's,1,Data Analyst,Mumbai,Contract,Medium,632000
49,Master's,3,Web Developer,Pune,Full-time,Startup,838000
35,Bachelor's,8,Web Developer,Hyderabad,Full-time,Startup,1133000
49,Bachelor's,11,Product Analyst,Kolkata,Full-time,Large,1458000
50,Bachelor's,2,Data Scientist,Mumbai,Full-time,Small,1241000
52,Master's,15,ML Engineer,Mumbai,Full-time,Small,2155000
41,Master's,3,Data Analyst,Bengaluru,Contract,Large,1120000
22,Master's,1,Data Scientist,Ahmedabad,Full-time,Startup,780000
23,Master's,2,Software Engineer,Delhi,Full-time,Medium,903000
45,Master's,9,DevOps Engineer,Bengaluru,Full-time,Medium,1668000
36,Master's,12,Web Developer,Hyderabad,Full-time,Medium,1529000
29,Master's,8,Database Administrator,Hyderabad,Contract,Medium,1441000
44,Bachelor's,21,Database Administrator,,Full-time,Large,2543000
30,Master's,4,Data Analyst,Ahmedabad,Full-time,Startup,992000
42,Master's,13,Web Developer,Gurugram,Contract,Medium,1653000
52,Bachelor's,12,Business Analyst,,Full-time,Startup,1266000
34,Master's,5,Software Engineer,Noida,Full-time,Small,1062000
47,Master's,19,Software Engineer,Mumbai,Full-time,Small,2076000
43,Master's,7,Web Developer,Chennai,Contract,Medium,1277000
25,Bachelor's,3,DevOps Engineer,Noida,Full-time,Startup,818000
44,Bachelor's,10,Product Analyst,Chennai,Contract,Medium,1042000
22,Master's,0,DevOps Engineer,Chennai,Full-time,Medium,991000
32,Master's,3,Database Administrator,Noida,Contract,Medium,939000
42,Bachelor's,19,Project Manager,Chennai,Full-time,Medium,2304000
46,Master's,22,Database Administrator,Pune,Full-time,Large,2996000
31,Bachelor's,9,Project Manager,Hyderabad,Full-time,Medium,1582000
48,PhD,0,DevOps Engineer,Pune,Full-time,Small,924000
46,Bachelor's,5,Data Scientist,Mumbai,Full-time,Medium,1516000
33,Master's,8,Project Manager,Kolkata,Part-time,Medium,745000
48,Bachelor's,21,ML Engineer,Hyderabad,Full-time,Large,2867000
49,Bachelor's,18,Data Scientist,Bengaluru,Full-time,Startup,2290000
45,Bachelor's,18,Business Analyst,Delhi,Full-time,Startup,1939000
27,Bachelor's,5,Software Engineer,Kolkata,Full-time,Small,758000
54,Master's,3,Project Manager,Ahmedabad,Full-time,Startup,917000
55,Bachelor's,7,Data Scientist,Pune,Full-time,Startup,1229000
49,Bachelor's,15,Web Developer,Mumbai,Full-time,Large,2189000
24,Bachelor's,1,Data Analyst,Pune,Contract,Small,617000
51,PhD,29,Database Administrator,Ahmedabad,Full-time,Large,2960000
47,PhD,6,Business Analyst,Noida,Full-time,Medium,1258000
38,Bachelor's,2,Data Analyst,Delhi,Full-time,Small,658000
31,Bachelor's,3,Web Developer,Bengaluru,Full-time,Startup,669000
41,Master's,15,,Chennai,Full-time,Medium,2082000
52,Master's,4,Product Analyst,Mumbai,Full-time,Startup,1070000
23,Master's,2,Data Scientist,Delhi,Full-time,Large,1404000
23,Bachelor's,2,Web Developer,Chennai,Full-time,Startup,662000
34,Bachelor's,12,ML Engineer,Noida,Full-time,Startup,1654000
21,Bachelor's,0,DevOps Engineer,Gurugram,Full-time,Large,1144000
34,Bachelor's,8,ML Engineer,Delhi,Full-time,Large,1844000
33,Bachelor's,10,Data Analyst,Kolkata,Full-time,Small,1209000
48,Bachelor's,0,Database Administrator,Hyderabad,Full-time,Large,753000
44,Bachelor's,15,Business Analyst,Kolkata,Full-time,Medium,1219000
32,Master's,1,ML Engineer,Chennai,Part-time,Startup,612000
44,Master's,8,ML Engineer,Delhi,Full-time,Large,1946000
53,Bachelor's,18,Web Developer,Bengaluru,Part-time,Large,1402000
36,Bachelor's,5,ML Engineer,Delhi,Full-time,Medium,1563000
46,Bachelor's,7,Database Administrator,,Full-time,Small,1401000
43,Master's,12,ML Engineer,Bengaluru,Full-time,Startup,1782000
27,,1,Project Manager,Kolkata,Full-time,Small,896000
33,Bachelor's,0,Business Analyst,Delhi,Full-time,Medium,516000
26,Bachelor's,4,Data Analyst,Gurugram,Full-time,Medium,851000
39,Master's,17,Web Developer,Gurugram,Full-time,Large,2072000
54,Master's,28,Data Scientist,Kolkata,Full-time,Large,2959000
39,Bachelor's,0,DevOps Engineer,Noida,Full-time,Small,759000
51,Master's,9,Database Administrator,Pune,Full-time,Startup,1250000
51,Bachelor's,14,DevOps Engineer,Kolkata,Full-time,Small,1407000
25,Bachelor's,4,Data Analyst,Hyderabad,Contract,Startup,568000
51,Master's,8,Database Administrator,Mumbai,Full-time,Large,1573000
30,Bachelor's,7,ML Engineer,Hyderabad,Full-time,Large,1688000
41,Bachelor's,13,,Noida,Full-time,Startup,1250000
48,Master's,9,Data Scientist,Ahmedabad,Full-time,Startup,1226000
25,Bachelor's,2,Data Scientist,Gurugram,Contract,Large,1187000
39,Master's,5,Data Scientist,Bengaluru,Full-time,Medium,1538000
28,Bachelor's,1,Web Developer,Chennai,Contract,Small,559000
45,Master's,5,ML Engineer,Delhi,Full-time,Small,1507000
44,Bachelor's,10,Data Scientist,Hyderabad,Full-time,Startup,1214000
50,Master's,26,Web Developer,Delhi,Contract,Startup,2212000
28,Master's,7,Data Scientist,Chennai,Full-time,Startup,1464000
43,Master's,8,Product Analyst,Mumbai,Full-time,Small,1405000
37,Master's,2,Data Scientist,Pune,Contract,Small,1101000
51,Bachelor's,16,Web Developer,Noida,Full-time,Small,1412000
35,Bachelor's,5,Data Analyst,Pune,Full-time,Medium,957000
50,Bachelor's,19,Software Engineer,Hyderabad,Full-time,Small,1809000
54,Bachelor's,17,ML Engineer,Kolkata,Full-time,Large,2020000
50,Bachelor's,28,Business Analyst,Delhi,Full-time,Large,3101000
37,Bachelor's,15,Data Analyst,Pune,Full-time,Small,1501000
40,Bachelor's,15,Business Analyst,Gurugram,Full-time,Large,1769000
42,Master's,21,ML Engineer,Delhi,Full-time,Large,3333000
24,Bachelor's,3,Software Engineer,Ahmedabad,Full-time,Startup,619000
36,Bachelor's,1,Product Analyst,Gurugram,Full-time,Small,691000
37,Master's,14,Project Manager,Chennai,Full-time,Medium,1659000
27,PhD,1,DevOps Engineer,Delhi,Full-time,Medium,1200000
32,Bachelor's,9,Data Scientist,Delhi,Full-time,Large,1776000
21,PhD,0,Software Engineer,Gurugram,Full-time,Startup,820000
31,Master's,3,Data Scientist,Kolkata,Full-time,Large,1052000
38,Bachelor's,16,ML Engineer,Kolkata,Contract,Large,1991000
54,Master's,0,Project Manager,Mumbai,Full-time,Medium,1177000
36,Bachelor's,11,Project Manager,Gurugram,Full-time,Startup,1699000
43,Bachelor's,6,ML Engineer,Hyderabad,Full-time,Small,1377000
27,Master's,2,Data Analyst,Bengaluru,Full-time,Large,989000
26,Bachelor's,2,Software Engineer,Noida,Part-time,Startup,442000
47,Master's,25,Web Developer,Noida,Full-time,Large,2297000
43,Bachelor's,5,Product Analyst,Chennai,Full-time,Startup,843000
43,Master's,6,Data Analyst,Noida,Contract,Medium,1127000
46,Master's,1,Business Analyst,Bengaluru,Full-time,Large,1125000
32,Master's,7,Software Engineer,Hyderabad,Full-time,Small,1129000
42,Master's,0,Database Administrator,Mumbai,Full-time,Startup,797000
44,Bachelor's,7,Software Engineer,Bengaluru,Full-time,Large,1525000
24,Bachelor's,0,Data Analyst,Gurugram,Full-time,Startup,485000
49,Bachelor's,23,Software Engineer,Hyderabad,Full-time,Small,2212000
49,PhD,3,Web Developer,,Full-time,Large,1125000
35,Bachelor's,10,Business Analyst,Noida,Full-time,Large,1501000
38,Bachelor's,2,Product Analyst,Chennai,Full-time,Large,931000
23,Master's,2,Product Analyst,Chennai,Part-time,Large,641000
44,Bachelor's,21,Software Engineer,Kolkata,Full-time,Medium,1633000
49,Bachelor's,6,Web Developer,Noida,Full-time,Medium,983000
40,PhD,2,Product Analyst,Hyderabad,Full-time,Medium,1060000
53,Master's,12,Data Analyst,,Full-time,Small,1023000
33,,6,Data Analyst,,Contract,Large,1055000
22,PhD,1,Data Scientist,Hyderabad,Contract,Medium,1272000
27,Bachelor's,2,Business Analyst,Mumbai,Full-time,Large,1062000
23,Master's,1,Business Analyst,Mumbai,Full-time,Startup,964000
31,Master's,5,DevOps Engineer,Chennai,Full-time,Small,1257000
54,Master's,9,Software Engineer,Chennai,Full-time,Medium,1360000
41,Master's,3,Data Scientist,,Full-time,Medium,1327000
31,Master's,8,Database Administrator,Hyderabad,Full-time,Small,1361000
28,Bachelor's,3,Project Manager,Hyderabad,Full-time,Medium,1182000
40,Bachelor's,6,Product Analyst,Delhi,Contract,Large,1201000
44,Bachelor's,18,DevOps Engineer,Mumbai,Full-time,Medium,2144000
44,Bachelor's,0,DevOps Engineer,Kolkata,Full-time,Large,933000
52,Bachelor's,9,ML Engineer,Hyderabad,Full-time,Small,1476000
51,Bachelor's,6,Business Analyst,Hyderabad,Full-time,Small,1091000
38,Bachelor's,13,DevOps Engineer,Mumbai,Full-time,Large,2367000
46,Bachelor's,3,DevOps Engineer,Kolkata,Full-time,Medium,1089000
36,Bachelor's,0,Data Analyst,Mumbai,Full-time,Startup,551000
46,Bachelor's,21,Data Scientist,Ahmedabad,Full-time,Startup,1859000
38,Master's,12,Data Analyst,Mumbai,Full-time,Large,1883000
43,Master's,7,Database Administrator,Mumbai,Full-time,Startup,1252000
35,Bachelor's,9,ML Engineer,Gurugram,Full-time,Small,1562000
41,Bachelor's,5,Product Analyst,Mumbai,Part-time,Medium,717000
33,PhD,6,Web Developer,Gurugram,Full-time,Startup,993000
32,Master's,9,Software Engineer,Kolkata,Full-time,Large,1373000
54,Bachelor's,12,Product Analyst,Ahmedabad,Full-time,Medium,1184000
28,PhD,4,Product Analyst,Kolkata,Full-time,Small,867000
24,Master's,2,DevOps Engineer,Pune,Part-time,Small,539000
23,Master's,0,Data Analyst,Chennai,Full-time,Medium,679000
35,Bachelor's,11,Web Developer,Mumbai,Full-time,Small,1593000
37,PhD,15,DevOps Engineer,Chennai,Full-time,Medium,1976000
24,Bachelor's,0,Web Developer,Noida,Full-time,Large,558000
51,Bachelor's,14,DevOps Engineer,Chennai,Full-time,Large,2065000
33,Bachelor's,10,Web Developer,Chennai,Full-time,Startup,929000
32,Bachelor's,6,Web Developer,Ahmedabad,Contract,Medium,683000
35,Bachelor's,0,Data Scientist,Hyderabad,Full-time,Medium,1025000
39,Bachelor's,12,Database Administrator,Mumbai,Full-time,Large,1859000
33,Master's,6,Product Analyst,Ahmedabad,Full-time,Large,1110000
28,Master's,0,ML Engineer,Mumbai,Full-time,Startup,1216000
39,Bachelor's,3,DevOps Engineer,Bengaluru,Full-time,Large,1414000
30,,5,ML Engineer,Ahmedabad,Full-time,Large,1472000
25,Bachelor's,4,Project Manager,Kolkata,Full-time,Small,1059000
23,Bachelor's,1,Database Administrator,Gurugram,Full-time,Small,699000
54,Bachelor's,20,ML Engineer,Delhi,Full-time,Medium,2716000
37,PhD,1,DevOps Engineer,Noida,Full-time,Medium,1413000
39,Bachelor's,16,Data Analyst,Mumbai,Part-time,Startup,1020000
24,Bachelor's,1,Web Developer,Gurugram,Full-time,Small,529000
39,Bachelor's,11,DevOps Engineer,Chennai,Full-time,Large,1592000
29,Bachelor's,7,,Delhi,Contract,Small,1380000
30,Bachelor's,6,Data Analyst,Hyderabad,Full-time,Large,1016000
28,PhD,5,Data Analyst,Noida,Full-time,Startup,1124000
28,Master's,6,Data Analyst,Mumbai,Full-time,Medium,1391000
45,Bachelor's,11,Project Manager,Noida,Full-time,Startup,1366000
27,Bachelor's,0,Product Analyst,Mumbai,Full-time,Startup,691000
38,Bachelor's,1,Product Analyst,Bengaluru,Full-time,Medium,780000
54,Bachelor's,5,Product Analyst,Chennai,Full-time,Large,1071000
52,PhD,2,Project Manager,Ahmedabad,Full-time,Startup,939000
22,Bachelor's,1,DevOps Engineer,Bengaluru,Full-time,Large,1133000
29,Bachelor's,2,Project Manager,Pune,Contract,Small,1088000
55,Bachelor's,30,Database Administrator,Gurugram,Full-time,Medium,2340000
26,Bachelor's,0,Software Engineer,Chennai,Full-time,Large,750000
46,Bachelor's,21,ML Engineer,Chennai,Full-time,Small,2300000
40,PhD,6,Database Administrator,Kolkata,Full-time,Medium,1303000
36,Bachelor's,15,Data Scientist,Gurugram,Full-time,Medium,2266000
30,Master's,9,Data Scientist,Gurugram,Full-time,Small,1549000
36,Bachelor's,8,ML Engineer,Bengaluru,Full-time,Startup,1483000
26,Master's,5,Project Manager,Pune,Full-time,Medium,1721000
42,Bachelor's,17,ML Engineer,Hyderabad,Full-time,Startup,2006000
51,Bachelor's,9,Data Analyst,Noida,Full-time,Startup,944000
36,Master's,10,Business Analyst,Noida,Contract,Medium,1358000
47,Bachelor's,25,Product Analyst,Mumbai,Full-time,Small,2687000
51,Master's,18,Project Manager,Ahmedabad,Full-time,Large,2138000
49,Master's,19,Project Manager,Ahmedabad,Full-time,Startup,1732000
21,Bachelor's,0,Data Scientist,Noida,Full-time,Large,1028000
22,Bachelor's,1,Product Analyst,Mumbai,Contract,Medium,885000
26,PhD,0,Business Analyst,Ahmedabad,Full-time,Medium,742000
46,Bachelor's,7,Software Engineer,Mumbai,Full-time,Medium,1473000
22,Master's,1,Product Analyst,Ahmedabad,Full-time,Startup,692000
28,Bachelor's,7,ML Engineer,Delhi,Full-time,Large,1880000
49,Master's,15,Product Analyst,Ahmedabad,Full-time,Startup,1321000
42,Master's,6,DevOps Engineer,Delhi,Full-time,Medium,1469000
47,PhD,23,Data Scientist,Bengaluru,Full-time,Medium,3122000
25,Bachelor's,1,Web Developer,Kolkata,Full-time,Startup,348000
23,Bachelor's,1,Project Manager,Mumbai,Contract,Medium,1203000
32,Master's,5,ML Engineer,Gurugram,Full-time,Medium,1513000
31,Bachelor's,7,Product Analyst,Bengaluru,Full-time,Large,1613000
36,Bachelor's,7,Software Engineer,Chennai,Full-time,Startup,1180000
24,PhD,2,Product Analyst,Hyderabad,Part-time,Large,715000
27,Bachelor's,2,ML Engineer,Bengaluru,Contract,Startup,1085000
52,Bachelor's,27,DevOps Engineer,Chennai,Full-time,Startup,2058000
45,Bachelor's,15,Software Engineer,Mumbai,Full-time,Startup,1700000
38,Master's,1,,Noida,Full-time,Startup,1193000
51,Master's,18,Software Engineer,Mumbai,Full-time,Startup,1883000
40,Bachelor's,1,Data Scientist,Mumbai,Contract,Small,1050000
34,Bachelor's,6,Business Analyst,Bengaluru,Full-time,Small,1100000
38,Bachelor's,8,Data Analyst,Kolkata,Full-time,Medium,1063000
49,Master's,3,Database Administrator,Bengaluru,Contract,Startup,1119000
38,PhD,15,Project Manager,Pune,Full-time,Medium,2012000
28,Master's,3,Business Analyst,Delhi,Part-time,Small,506000
32,Bachelor's,2,Database Administrator,Ahmedabad,Full-time,Small,815000
33,PhD,6,ML Engineer,Noida,Full-time,Startup,1428000
22,Bachelor's,1,Business Analyst,Ahmedabad,Full-time,Medium,530000
45,Master's,1,ML Engineer,Delhi,Full-time,Small,1274000
26,Bachelor's,2,Software Engineer,Ahmedabad,Contract,Medium,710000
54,Bachelor's,25,Web Developer,Gurugram,Full-time,Medium,2008000
50,Master's,7,Database Administrator,Chennai,Contract,Large,1319000
35,Master's,7,DevOps Engineer,Ahmedabad,Full-time,Medium,1282000
53,Master's,18,Software Engineer,Noida,Full-time,Startup,1797000
48,Master's,20,Product Analyst,Mumbai,Full-time,Large,2830000
50,Bachelor's,25,ML Engineer,Bengaluru,Full-time,Medium,2834000
26,Master's,5,Product Analyst,Gurugram,Full-time,Medium,1339000
26,Bachelor's,1,Data Scientist,Delhi,Contract,Medium,958000
45,Bachelor's,12,Product Analyst,Mumbai,Full-time,Startup,1406000
26,Master's,0,Data Analyst,Noida,Full-time,Large,808000
50,Master's,3,Data Analyst,Kolkata,Full-time,Startup,848000
49,Master's,2,Product Analyst,Kolkata,Full-time,Large,901000
22,Bachelor's,1,Project Manager,Chennai,Full-time,Large,1223000
38,Master's,8,Business Analyst,Kolkata,Full-time,Large,1107000
48,Master's,12,DevOps Engineer,Ahmedabad,Contract,Large,1811000
50,Bachelor's,4,Business Analyst,Chennai,Full-time,Small,824000
50,Bachelor's,13,ML Engineer,Kolkata,Full-time,Medium,1925000
25,Bachelor's,3,Web Developer,Delhi,Full-time,Startup,736000
46,Bachelor's,5,Data Scientist,Bengaluru,Full-time,Large,1474000
55,Master's,11,Data Analyst,Delhi,Full-time,Startup,1201000
40,Bachelor's,4,Project Manager,Bengaluru,Full-time,Medium,1404000
45,Master's,13,DevOps Engineer,Kolkata,Full-time,Startup,1371000
52,Master's,17,Software Engineer,Mumbai,Full-time,Medium,2406000
36,Bachelor's,2,Data Analyst,Noida,Contract,Medium,685000
41,Bachelor's,16,Software Engineer,Ahmedabad,Full-time,Small,1225000
43,Bachelor's,13,DevOps Engineer,Hyderabad,Full-time,Large,2092000
39,Master's,5,Business Analyst,Hyderabad,Full-time,Startup,941000
46,Bachelor's,16,Data Scientist,Ahmedabad,Full-time,Startup,1412000
41,Bachelor's,17,Software Engineer,Kolkata,Full-time,Small,1583000
23,Bachelor's,1,ML Engineer,Bengaluru,Contract,Large,1287000
46,Bachelor's,24,Project Manager,Noida,Full-time,Medium,2503000
44,,12,Database Administrator,Pune,Full-time,Small,1484000
55,Bachelor's,7,Product Analyst,Delhi,Full-time,Startup,948000
43,Bachelor's,18,Business Analyst,Mumbai,Full-time,Medium,1938000
22,Bachelor's,1,Web Developer,Delhi,Contract,Medium,417000
28,Bachelor's,4,Data Analyst,Noida,Full-time,Startup,680000
29,Bachelor's,2,Data Scientist,Mumbai,Full-time,Medium,1294000
35,Master's,2,Business Analyst,Pune,Full-time,Startup,719000
24,Bachelor's,3,Database Administrator,Kolkata,Part-time,Startup,377000
37,Bachelor's,10,Project Manager,Delhi,Full-time,Large,1964000
22,Master's,1,Software Engineer,Noida,Full-time,Small,824000
44,Bachelor's,4,Project Manager,Hyderabad,Part-time,Startup,596000
44,PhD,0,,Gurugram,Full-time,Small,888000
49,Bachelor's,9,Data Analyst,Hyderabad,Contract,Medium,1301000
28,Bachelor's,3,Business Analyst,Bengaluru,Contract,Startup,662000
54,Master's,6,ML Engineer,Noida,Full-time,Medium,1511000
24,Master's,1,Database Administrator,Noida,Full-time,Startup,836000
39,Bachelor's,15,DevOps Engineer,Chennai,Full-time,Medium,1726000
54,Master's,18,Data Scientist,Hyderabad,Full-time,Startup,1779000
35,Bachelor's,10,Web Developer,Chennai,Full-time,Large,1324000
34,Master's,0,Data Scientist,Delhi,Full-time,Large,1317000
49,Bachelor's,26,Database Administrator,Hyderabad,Full-time,Large,3336000
28,Master's,4,Software Engineer,Delhi,Full-time,Large,1416000
53,Master's,31,DevOps Engineer,Kolkata,Full-time,Small,2716000
27,Bachelor's,6,Web Developer,Hyderabad,Contract,Small,675000
31,Bachelor's,7,Data Scientist,Bengaluru,Full-time,Medium,1675000
48,Bachelor's,7,Software Engineer,Bengaluru,Full-time,Medium,1292000
49,Bachelor's,12,Business Analyst,Mumbai,Full-time,Medium,1629000
21,,0,DevOps Engineer,Ahmedabad,Full-time,Small,652000
45,Bachelor's,10,Web Developer,Noida,Full-time,Startup,986000
21,Bachelor's,0,Web Developer,Gurugram,Full-time,Medium,624000
27,Bachelor's,5,DevOps Engineer,Bengaluru,Full-time,Large,1505000
27,Bachelor's,2,Product Analyst,Ahmedabad,Full-time,Medium,682000
44,Bachelor's,11,Data Analyst,Gurugram,Full-time,Large,1692000
29,PhD,6,Database Administrator,Noida,Full-time,Large,1696000
48,Bachelor's,10,Data Scientist,Noida,Full-time,Medium,1893000
42,Bachelor's,7,Software Engineer,Bengaluru,Part-time,Small,600000
49,Master's,17,Software Engineer,Chennai,Full-time,Startup,1478000
49,Master's,8,ML Engineer,Bengaluru,Full-time,Small,1908000
35,PhD,5,Web Developer,Chennai,Full-time,Medium,1115000
25,Bachelor's,1,Database Administrator,Ahmedabad,Full-time,Medium,591000
26,Master's,2,ML Engineer,Kolkata,Part-time,Large,716000
42,Master's,7,Data Scientist,Noida,Full-time,Large,1650000
54,Bachelor's,6,Project Manager,Noida,Contract,Startup,1133000
23,Bachelor's,2,Data Analyst,Bengaluru,Full-time,Medium,899000
38,Bachelor's,12,Software Engineer,Pune,Full-time,Startup,1260000
26,Bachelor's,2,Data Analyst,Pune,Full-time,Startup,646000
38,Bachelor's,14,DevOps Engineer,Hyderabad,Full-time,Large,1856000
32,Master's,9,ML Engineer,Bengaluru,Full-time,Small,1826000
37,Bachelor's,6,Product Analyst,Gurugram,Full-time,Startup,1047000
48,Bachelor's,24,Data Scientist,Ahmedabad,Contract,Startup,2002000
51,Bachelor's,1,Database Administrator,Hyderabad,Full-time,Startup,801000
36,Bachelor's,6,Software Engineer,Mumbai,Full-time,Large,1413000
31,Bachelor's,7,Product Analyst,Noida,Contract,Large,1367000
22,Master's,0,Project Manager,Bengaluru,Full-time,Small,1040000
30,Bachelor's,0,Business Analyst,Pune,Full-time,Small,664000
51,Bachelor's,26,Web Developer,Mumbai,Contract,Medium,2693000
24,Master's,3,Business Analyst,Delhi,Full-time,Small,860000
40,,0,Web Developer,Bengaluru,Full-time,Medium,524000
44,Master's,2,Software Engineer,Hyderabad,Full-time,Startup,766000
47,Bachelor's,12,Product Analyst,Kolkata,Full-time,Small,1174000
34,Bachelor's,11,Software Engineer,Gurugram,Full-time,Medium,1584000
31,Bachelor's,8,Product Analyst,Ahmedabad,Full-time,Medium,1207000
26,Bachelor's,0,,Kolkata,Full-time,Small,751000
44,Bachelor's,15,Project Manager,Delhi,Full-time,Large,2627000
32,Master's,9,ML Engineer,Pune,Full-time,Medium,1817000
44,Master's,8,ML Engineer,Kolkata,Full-time,Medium,1578000
31,Master's,3,Project Manager,Kolkata,Contract,Startup,1044000
44,Bachelor's,1,Data Analyst,Ahmedabad,Full-time,Startup,295000
39,Bachelor's,1,ML Engineer,Mumbai,Full-time,Small,1236000
38,Bachelor's,0,Software Engineer,Gurugram,Contract,Startup,519000
46,Bachelor's,1,Software Engineer,Bengaluru,Full-time,Startup,820000
37,Bachelor's,6,Data Scientist,Pune,Contract,Large,1357000
52,Master's,25,DevOps Engineer,Ahmedabad,Full-time,Small,1675000
27,Bachelor's,3,Project Manager,Hyderabad,Contract,Large,1235000
24,Bachelor's,0,Project Manager,Hyderabad,Contract,Large,1043000
39,Bachelor's,15,ML Engineer,Mumbai,Full-time,Large,2993000
28,Bachelor's,4,Data Analyst,Pune,Full-time,Startup,762000
24,Bachelor's,0,Database Administrator,Hyderabad,Contract,Small,711000
55,PhD,9,Business Analyst,Kolkata,Full-time,Large,1487000
42,Master's,8,DevOps Engineer,Noida,Part-time,Startup,701000
53,Bachelor's,5,Data Analyst,Kolkata,Full-time,Medium,872000
35,Bachelor's,7,Business Analyst,Pune,Full-time,Startup,1048000
49,Master's,17,ML Engineer,Hyderabad,Full-time,Medium,2391000
40,Master's,9,Data Analyst,Bengaluru,Full-time,Large,1422000
36,Bachelor's,14,ML Engineer,Bengaluru,Full-time,Startup,1646000
52,Bachelor's,2,Software Engineer,Kolkata,Full-time,Small,565000
24,PhD,3,Database Administrator,Chennai,Full-time,Medium,1154000
30,Bachelor's,5,Data Analyst,Hyderabad,Full-time,Startup,949000
35,Bachelor's,4,Product Analyst,Mumbai,Full-time,Small,956000
40,Master's,19,Database Administrator,Hyderabad,Full-time,Startup,2090000
24,Master's,0,Web Developer,Ahmedabad,Full-time,Small,396000
26,Master's,4,Database Administrator,Gurugram,Full-time,Small,1086000
43,Bachelor's,14,Data Analyst,Hyderabad,Full-time,Large,1789000
33,Bachelor's,4,Data Analyst,Gurugram,Full-time,Medium,1041000
21,Bachelor's,0,ML Engineer,Pune,Full-time,Large,1199000
32,Bachelor's,0,Data Analyst,,Contract,Large,623000
38,Bachelor's,7,Data Scientist,Chennai,Full-time,Small,1218000
34,Bachelor's,2,Business Analyst,Mumbai,Full-time,Large,1127000
24,Bachelor's,2,Project Manager,Mumbai,Contract,Large,1318000
29,Master's,3,Product Analyst,Delhi,Full-time,Medium,1039000
33,Bachelor's,9,Data Analyst,Ahmedabad,Full-time,Small,870000
34,Bachelor's,12,Software Engineer,Bengaluru,Contract,Startup,1488000
23,Master's,0,Business Analyst,Bengaluru,Full-time,Large,957000
53,PhD,29,Data Analyst,Noida,Contract,Small,2426000
31,Bachelor's,8,DevOps Engineer,Kolkata,Full-time,Medium,1275000
45,Bachelor's,13,Database Administrator,Noida,Contract,Startup,1520000
35,Bachelor's,0,Project Manager,Delhi,Contract,Medium,972000
23,Bachelor's,1,Software Engineer,Kolkata,Full-time,Large,668000
55,Master's,11,Business Analyst,Chennai,Full-time,Startup,1183000
43,Bachelor's,22,Database Administrator,Chennai,Contract,Startup,1983000
33,Bachelor's,7,,Bengaluru,Full-time,Startup,986000
40,Bachelor's,8,Data Analyst,Mumbai,Contract,Small,1072000
45,Master's,2,Software Engineer,Bengaluru,Full-time,Small,1020000
55,Bachelor's,18,Project Manager,Hyderabad,Contract,Medium,2119000
35,Bachelor's,9,DevOps Engineer,Noida,Full-time,Small,1095000
30,Bachelor's,2,DevOps Engineer,Noida,Full-time,Startup,921000
52,Bachelor's,0,Software Engineer,Noida,Full-time,Large,714000
22,Bachelor's,1,DevOps Engineer,Delhi,Full-time,Startup,875000
37,Bachelor's,11,Business Analyst,Hyderabad,Full-time,Small,1502000
32,PhD,4,ML Engineer,Ahmedabad,Full-time,Small,1236000
48,Master's,4,Data Analyst,Mumbai,Full-time,Large,1484000
29,Master's,6,ML Engineer,Gurugram,Full-time,Large,1849000
38,Master's,6,DevOps Engineer,Delhi,Full-time,Large,1571000
29,Master's,6,Product Analyst,Chennai,Full-time,Medium,1239000
35,Master's,7,Business Analyst,Bengaluru,Full-time,Medium,1277000
41,Bachelor's,1,Data Scientist,Delhi,Full-time,Medium,1238000
29,Master's,4,Project Manager,Ahmedabad,Full-time,Medium,1125000
39,Bachelor's,18,DevOps Engineer,Hyderabad,Full-time,Medium,2130000
49,Bachelor's,3,Data Scientist,Hyderabad,Full-time,Medium,1160000
55,Bachelor's,26,Project Manager,Bengaluru,Full-time,Large,3503000
28,PhD,5,DevOps Engineer,Ahmedabad,Contract,Startup,1019000
39,Bachelor's,4,ML Engineer,Chennai,Full-time,Large,1420000
26,Master's,5,Business Analyst,Kolkata,Full-time,Startup,766000
35,Bachelor's,13,Product Analyst,Delhi,Full-time,Large,1704000
36,Bachelor's,0,Product Analyst,Kolkata,Contract,Small,590000
34,Master's,9,Data Analyst,Gurugram,Full-time,Startup,1330000
50,Bachelor's,26,Product Analyst,Bengaluru,Contract,Large,3360000
42,Bachelor's,10,Software Engineer,Pune,Part-time,Large,906000
21,,0,Project Manager,Gurugram,Full-time,Startup,1153000
34,Bachelor's,9,Web Developer,Hyderabad,Full-time,Startup,823000
33,PhD,0,Software Engineer,Delhi,Full-time,Startup,1047000
50,Bachelor's,24,DevOps Engineer,Bengaluru,Contract,Large,3063000
23,Master's,0,Data Analyst,Hyderabad,Contract,Medium,700000
37,Bachelor's,16,Web Developer,Hyderabad,Contract,Small,1396000
40,Master's,5,Project Manager,Hyderabad,Full-time,Large,1687000
37,Bachelor's,14,Project Manager,Ahmedabad,Full-time,Startup,1407000
55,Bachelor's,20,ML Engineer,Pune,Full-time,Medium,2652000
40,Master's,3,ML Engineer,Bengaluru,Full-time,Small,1563000
47,Master's,4,Data Scientist,Pune,Full-time,Large,1454000
39,PhD,16,Project Manager,Noida,Contract,Medium,2323000
37,Bachelor's,7,Database Administrator,Hyderabad,Full-time,Small,1113000
33,Bachelor's,8,DevOps Engineer,Chennai,Full-time,Small,1323000
42,,17,Data Analyst,Hyderabad,Full-time,Small,2125000
31,Bachelor's,0,ML Engineer,Mumbai,Full-time,Startup,927000
37,Bachelor's,11,Project Manager,Mumbai,Full-time,Medium,2038000
44,Bachelor's,22,ML Engineer,Ahmedabad,Full-time,Small,2048000
23,Bachelor's,0,Product Analyst,Gurugram,Full-time,Startup,540000
24,Bachelor's,2,Data Scientist,Ahmedabad,Full-time,Medium,781000
51,Bachelor's,26,Data Scientist,Chennai,Full-time,Startup,2099000
49,Master's,25,Software Engineer,Hyderabad,Full-time,Small,2390000
41,Bachelor's,4,Business Analyst,Ahmedabad,Full-time,Small,746000
49,Bachelor's,14,Data Scientist,Bengaluru,Part-time,Small,1202000
34,Bachelor's,11,Project Manager,Bengaluru,Contract,Large,2247000
53,Bachelor's,28,Database Administrator,Bengaluru,Full-time,Medium,2366000
54,Bachelor's,27,Software Engineer,Hyderabad,Full-time,Large,3146000
27,Bachelor's,6,ML Engineer,Hyderabad,Full-time,Medium,1529000
25,Bachelor's,0,Project Manager,Hyderabad,Full-time,Medium,808000
46,PhD,0,Web Developer,Mumbai,Full-time,Large,801000
32,Master's,0,Data Scientist,Chennai,Full-time,Medium,1056000
34,Master's,12,Software Engineer,Hyderabad,Full-time,Medium,1621000
52,Master's,31,ML Engineer,Pune,Contract,Large,3175000
53,Master's,1,Web Developer,Ahmedabad,Full-time,Large,621000
38,Master's,3,Software Engineer,Mumbai,Full-time,Startup,1047000
42,Master's,13,ML Engineer,Bengaluru,Full-time,Small,1957000
42,Bachelor's,1,Web Developer,Gurugram,Full-time,Medium,704000
24,PhD,2,Web Developer,Bengaluru,Full-time,Small,894000
28,Master's,7,Software Engineer,Bengaluru,Full-time,Large,1431000
36,PhD,1,Software Engineer,Chennai,Contract,Small,793000
39,Master's,17,Software Engineer,Hyderabad,Contract,Large,2475000
27,Bachelor's,5,Database Administrator,Delhi,Full-time,Startup,922000
23,Bachelor's,2,Project Manager,Hyderabad,Full-time,Startup,1029000
49,Bachelor's,6,Software Engineer,Gurugram,Full-time,Large,1401000
43,Master's,21,Database Administrator,Hyderabad,Full-time,Startup,2143000
37,Bachelor's,3,Web Developer,Hyderabad,Full-time,Startup,806000
21,Master's,0,Web Developer,Mumbai,Full-time,Medium,782000
27,Master's,6,Business Analyst,Mumbai,Full-time,Small,1287000
36,Bachelor's,4,DevOps Engineer,Hyderabad,Full-time,Medium,1328000
49,Bachelor's,4,ML Engineer,Gurugram,Contract,Medium,1299000
38,Bachelor's,10,Project Manager,Gurugram,Contract,Startup,1584000
39,Master's,2,Software Engineer,Kolkata,Full-time,Large,1073000
25,Bachelor's,4,ML Engineer,Gurugram,Full-time,Startup,1148000
24,Bachelor's,1,Database Administrator,Mumbai,Full-time,Small,746000
43,PhD,5,Data Scientist,Hyderabad,Full-time,Startup,1309000
49,Bachelor's,1,ML Engineer,Bengaluru,Contract,Medium,1253000
39,Bachelor's,7,Business Analyst,Gurugram,Full-time,Small,1105000
22,Bachelor's,0,Data Analyst,Ahmedabad,Full-time,Startup,403000
53,PhD,21,Data Analyst,Delhi,Full-time,Startup,1657000
33,PhD,6,Database Administrator,Noida,Full-time,Small,1267000
49,Bachelor's,21,Business Analyst,Ahmedabad,Full-time,Medium,1767000
55,PhD,12,Project Manager,Gurugram,Full-time,Medium,2060000
42,Bachelor's,12,Software Engineer,Chennai,Full-time,Large,1601000
47,Bachelor's,19,Project Manager,Delhi,Full-time,Startup,1986000
47,Bachelor's,2,ML Engineer,Bengaluru,Full-time,Medium,1363000
51,Master's,4,Data Analyst,Bengaluru,Full-time,Startup,956000
27,Bachelor's,1,Data Scientist,Chennai,Full-time,Small,960000
52,Bachelor's,19,Web Developer,Delhi,Contract,Startup,1670000
37,Bachelor's,13,Data Scientist,Ahmedabad,Full-time,Startup,1456000
33,Master's,2,Data Analyst,Noida,Contract,Startup,771000
39,Bachelor's,10,Product Analyst,Noida,Full-time,Startup,1052000
51,Bachelor's,15,DevOps Engineer,Kolkata,Full-time,Large,1582000
27,Master's,1,ML Engineer,Kolkata,Full-time,Medium,979000
49,Bachelor's,17,Project Manager,Pune,Full-time,Small,2102000
55,Bachelor's,30,Data Scientist,Hyderabad,Full-time,Small,2359000
47,Bachelor's,22,Project Manager,Chennai,Contract,Medium,2365000
53,Bachelor's,18,Software Engineer,Chennai,Full-time,Small,1864000
48,Master's,14,DevOps Engineer,Delhi,Full-time,Small,2076000
46,Bachelor's,22,Web Developer,Delhi,Full-time,Medium,1917000
40,Bachelor's,18,Data Scientist,Bengaluru,Full-time,Medium,2144000
43,PhD,12,Project Manager,Bengaluru,Full-time,Medium,2275000
26,Master's,1,Database Administrator,Bengaluru,Full-time,Large,1065000
39,Bachelor's,6,DevOps Engineer,Delhi,Contract,Medium,1447000
48,,6,Product Analyst,Noida,Full-time,Small,1152000
47,Bachelor's,18,Data Scientist,Ahmedabad,Full-time,Startup,1762000
33,Bachelor's,5,Data Scientist,Gurugram,Full-time,Medium,1312000
28,Bachelor's,4,Project Manager,Mumbai,Full-time,Small,1322000
54,Bachelor's,2,Web Developer,Noida,Contract,Startup,511000
46,Bachelor's,23,DevOps Engineer,Pune,Full-time,Small,2399000
47,Master's,1,Web Developer,Bengaluru,Full-time,Startup,693000
51,Bachelor's,21,Business Analyst,Ahmedabad,Full-time,Large,2295000
49,Bachelor's,8,Data Analyst,Mumbai,Full-time,Large,1539000
49,Master's,24,Data Scientist,Hyderabad,Full-time,Large,3105000
27,Bachelor's,0,Product Analyst,Hyderabad,Contract,Startup,527000
21,Master's,0,Project Manager,Kolkata,Full-time,Medium,1060000
33,Bachelor's,11,Project Manager,Gurugram,Full-time,Medium,1783000
41,Bachelor's,4,Data Analyst,Noida,Full-time,Small,855000
54,Bachelor's,10,Product Analyst,Hyderabad,Full-time,Large,1611000
35,Bachelor's,9,ML Engineer,Bengaluru,Full-time,Medium,2138000
53,Master's,30,Web Developer,Delhi,Contract,Small,2507000
49,Bachelor's,2,Software Engineer,Pune,Contract,Large,963000
28,Master's,2,ML Engineer,Ahmedabad,Full-time,Medium,1138000
36,PhD,5,Software Engineer,Delhi,Full-time,Medium,1484000
39,Master's,15,Data Analyst,Noida,Full-time,Startup,1532000
29,Bachelor's,1,Business Analyst,Pune,Full-time,Startup,664000
29,Bachelor's,5,Product Analyst,Ahmedabad,Full-time,Startup,694000
45,Master's,18,Web Developer,Gurugram,Contract,Startup,1793000
55,Master's,9,Project Manager,Mumbai,Full-time,Medium,2179000
46,Bachelor's,7,ML Engineer,Kolkata,Full-time,Startup,1284000
41,Bachelor's,14,Database Administrator,Chennai,Full-time,Small,1562000
30,Bachelor's,5,Business Analyst,Hyderabad,Full-time,Small,901000
44,Bachelor's,12,DevOps Engineer,Delhi,Full-time,Large,1951000
37,Bachelor's,0,Data Analyst,Noida,Full-time,Startup,462000
49,Master's,27,Web Developer,Ahmedabad,Full-time,Small,1811000
54,Bachelor's,6,Software Engineer,Ahmedabad,Full-time,Small,841000
42,Bachelor's,5,DevOps Engineer,Mumbai,Full-time,Small,1043000
25,Bachelor's,3,Data Scientist,Bengaluru,Full-time,Medium,1268000
35,Bachelor's,4,Business Analyst,Mumbai,Full-time,Small,1031000
53,Bachelor's,25,Software Engineer,Gurugram,Full-time,Small,2191000
51,Master's,26,Data Scientist,,Full-time,Small,2144000
34,Bachelor's,10,Product Analyst,Kolkata,Full-time,Startup,1011000
37,Master's,8,,Gurugram,Part-time,Large,906000
32,Master's,9,Business Analyst,Ahmedabad,Full-time,Large,1226000
32,Master's,9,DevOps Engineer,Delhi,Full-time,Large,2111000
25,Master's,3,Project Manager,Delhi,Part-time,Large,800000
43,PhD,9,Product Analyst,Ahmedabad,Full-time,Small,1169000
47,Bachelor's,19,DevOps Engineer,Gurugram,Full-time,Medium,2196000
36,Master's,7,Web Developer,Gurugram,Full-time,Medium,1235000
24,,3,Software Engineer,Hyderabad,Full-time,Medium,1045000
47,Bachelor's,15,Business Analyst,Bengaluru,Full-time,Large,1961000
34,,10,Product Analyst,Bengaluru,Full-time,Small,1387000
49,Bachelor's,5,Database Administrator,Gurugram,Full-time,Startup,1119000
48,Master's,16,Project Manager,Chennai,Full-time,Small,1935000
35,Master's,1,Data Analyst,Ahmedabad,Full-time,Medium,537000
44,Bachelor's,18,Software Engineer,Delhi,Part-time,Small,938000
27,Bachelor's,4,Data Scientist,Chennai,Full-time,Large,1271000
44,PhD,15,Business Analyst,Delhi,Contract,Medium,2116000
49,Master's,19,,Mumbai,Full-time,Startup,2068000
46,Master's,19,DevOps Engineer,Kolkata,Full-time,Medium,1923000
52,Bachelor's,25,Product Analyst,Pune,Full-time,Medium,1978000
48,Bachelor's,13,Web Developer,Pune,Full-time,Small,1019000
48,Bachelor's,24,Software Engineer,Gurugram,Full-time,Startup,2023000
33,Master's,8,Database Administrator,Ahmedabad,Full-time,Large,1356000
43,Master's,12,Software Engineer,,Contract,Large,1837000
36,Bachelor's,2,Software Engineer,Hyderabad,Full-time,Startup,543000
49,Bachelor's,25,Product Analyst,Mumbai,Full-time,Small,2391000
33,Master's,10,ML Engineer,Gurugram,Full-time,Startup,1545000
37,PhD,7,Software Engineer,Pune,Full-time,Small,1438000
36,Master's,9,Project Manager,Bengaluru,Full-time,Large,2188000
41,Master's,18,DevOps Engineer,Noida,Full-time,Small,2022000
32,Bachelor's,6,Project Manager,Noida,Full-time,Startup,1202000
24,Master's,0,DevOps Engineer,Kolkata,Contract,Startup,743000
48,Master's,13,Web Developer,Hyderabad,Contract,Medium,1720000
50,Master's,23,ML Engineer,Pune,Full-time,Large,2938000
35,Bachelor's,12,Software Engineer,Mumbai,Full-time,Large,1952000
24,Bachelor's,2,Database Administrator,Mumbai,Full-time,Large,1046000
24,Bachelor's,0,Database Administrator,Kolkata,Full-time,Small,653000
23,Bachelor's,1,Business Analyst,Hyderabad,Full-time,Small,617000
51,Master's,16,ML Engineer,Noida,Full-time,Large,2531000
23,Bachelor's,2,Project Manager,Pune,Full-time,Medium,1011000
46,Master's,20,ML Engineer,Ahmedabad,Contract,Medium,1955000
30,Bachelor's,3,ML Engineer,Mumbai,Full-time,Medium,1491000
46,Master's,14,Software Engineer,Kolkata,Part-time,Medium,925000
52,Bachelor's,28,Product Analyst,Noida,Full-time,Medium,2370000
55,PhD,2,Product Analyst,Gurugram,Full-time,Small,1119000
54,Master's,6,Product Analyst,Mumbai,Full-time,Small,1034000
24,Master's,3,Product Analyst,Ahmedabad,Contract,Small,848000
28,Bachelor's,5,Project Manager,Noida,Full-time,Large,1614000
22,Bachelor's,0,Product Analyst,Chennai,Full-time,Medium,582000
40,Master's,12,Software Engineer,Delhi,Full-time,Small,1722000
53,Bachelor's,32,Product Analyst,Delhi,Full-time,Large,3327000
40,Bachelor's,11,Database Administrator,Ahmedabad,Full-time,Large,1477000
35,Bachelor's,5,DevOps Engineer,Mumbai,Contract,Small,1239000
55,Master's,18,Software Engineer,Mumbai,Contract,Large,2717000
50,Master's,11,Data Scientist,Kolkata,Full-time,Startup,1477000
31,Master's,10,DevOps Engineer,Pune,Full-time,Large,2048000
43,Bachelor's,13,Data Analyst,Chennai,Full-time,Medium,1684000
25,PhD,2,Data Scientist,Hyderabad,Full-time,Startup,1155000
23,Bachelor's,1,Database Administrator,Delhi,Full-time,Startup,816000
48,Bachelor's,24,Project Manager,Mumbai,Contract,Startup,2278000
42,Bachelor's,11,Project Manager,Mumbai,Full-time,Startup,1542000
34,Bachelor's,11,Web Developer,Pune,Full-time,Medium,1273000
55,Bachelor's,30,Product Analyst,Mumbai,Part-time,Medium,1455000
40,Bachelor's,15,Web Developer,Hyderabad,Full-time,Medium,1719000
28,Bachelor's,7,Business Analyst,Kolkata,Full-time,Startup,624000
36,Master's,6,Software Engineer,Bengaluru,Full-time,Medium,1203000
49,PhD,23,DevOps Engineer,Gurugram,Full-time,Startup,2505000
52,Bachelor's,12,DevOps Engineer,Bengaluru,Full-time,Startup,1562000
33,Master's,4,Business Analyst,Bengaluru,Full-time,Small,1159000
45,Bachelor's,1,Data Analyst,Mumbai,Contract,Medium,649000
29,Bachelor's,7,DevOps Engineer,Noida,Full-time,Medium,1287000
50,Bachelor's,6,Product Analyst,Gurugram,Contract,Large,1275000
48,Master's,22,Data Analyst,Mumbai,Contract,Medium,2117000
51,Bachelor's,30,Software Engineer,Ahmedabad,Contract,Large,2504000
24,Bachelor's,3,Data Analyst,Gurugram,Full-time,Startup,630000
28,PhD,5,Business Analyst,Noida,Full-time,Startup,1043000
34,Master's,13,Database Administrator,Delhi,Part-time,Medium,1063000
34,Bachelor's,5,DevOps Engineer,Bengaluru,Full-time,Large,1608000
51,Master's,26,Database Administrator,Delhi,Full-time,Startup,2652000
45,,22,Web Developer,Noida,Full-time,Medium,2060000
28,Bachelor's,7,Web Developer,Kolkata,Contract,Large,907000
42,PhD,4,Product Analyst,Pune,Full-time,Small,1136000
24,Master's,1,Business Analyst,Hyderabad,Full-time,Large,1040000
29,Bachelor's,4,Software Engineer,Mumbai,Full-time,Startup,1124000
35,Bachelor's,0,Web Developer,Bengaluru,Full-time,Small,586000
27,Bachelor's,3,Database Administrator,Kolkata,Full-time,Medium,943000
52,Bachelor's,17,Data Scientist,Bengaluru,Full-time,Medium,2272000
48,Bachelor's,15,Business Analyst,Mumbai,Contract,Small,1708000
35,Bachelor's,1,Software Engineer,Kolkata,Full-time,Medium,590000
34,Bachelor's,0,Software Engineer,Bengaluru,Full-time,Startup,577000
48,Bachelor's,22,Data Scientist,Ahmedabad,Contract,Medium,2210000
27,Bachelor's,4,Web Developer,Ahmedabad,Full-time,Medium,409000
37,Master's,12,Software Engineer,Gurugram,Full-time,Small,1637000
29,Bachelor's,2,Business Analyst,Pune,Part-time,Large,529000
43,Bachelor's,13,ML Engineer,Mumbai,Contract,Medium,2166000
26,Bachelor's,1,Database Administrator,Hyderabad,Full-time,Medium,895000
54,Master's,11,Software Engineer,Kolkata,Full-time,Medium,1517000
55,Bachelor's,0,Business Analyst,Kolkata,Full-time,Large,523000
38,Master's,9,Business Analyst,Kolkata,Full-time,Large,1617000
42,Master's,3,Project Manager,Chennai,Full-time,Startup,1095000
49,Bachelor's,11,Data Scientist,Bengaluru,Full-time,Medium,1578000
28,Master's,6,Data Analyst,Bengaluru,Contract,Large,1473000
46,PhD,23,Software Engineer,Bengaluru,Full-time,Medium,3087000
30,Master's,0,ML Engineer,Hyderabad,Contract,Small,1276000
30,Bachelor's,1,Project Manager,Chennai,Full-time,Medium,1120000
22,Master's,1,Product Analyst,Hyderabad,Full-time,Medium,1060000
54,Bachelor's,8,Data Scientist,Gurugram,Full-time,Medium,1638000
28,Bachelor's,0,Web Developer,Noida,Full-time,Startup,590000
46,Master's,14,DevOps Engineer,Chennai,Full-time,Small,1742000
37,Bachelor's,1,DevOps Engineer,Chennai,Full-time,Small,862000
30,Master's,8,DevOps Engineer,Pune,Full-time,Medium,1678000
35,Bachelor's,6,DevOps Engineer,Chennai,Full-time,Startup,1113000
25,PhD,1,Data Scientist,Chennai,Full-time,Small,1187000
39,Master's,5,Product Analyst,Chennai,Full-time,Small,1094000
31,Bachelor's,5,Database Administrator,Kolkata,Full-time,Startup,565000
23,Master's,1,DevOps Engineer,Delhi,Full-time,Small,1009000
42,Bachelor's,2,Business Analyst,Hyderabad,Full-time,Startup,675000
34,Master's,8,ML Engineer,Chennai,Full-time,Small,1583000
49,Bachelor's,14,Product Analyst,Gurugram,Contract,Startup,1274000
25,Bachelor's,4,Data Analyst,Ahmedabad,Full-time,Large,775000
37,PhD,14,Web Developer,Delhi,Contract,Large,2174000
49,Master's,13,DevOps Engineer,Ahmedabad,Full-time,Large,2222000
36,Master's,14,Business Analyst,Delhi,Contract,Large,1623000
53,Bachelor's,30,DevOps Engineer,Gurugram,Full-time,Startup,2393000
24,Bachelor's,3,Software Engineer,Kolkata,Contract,Medium,807000
37,Master's,7,Web Developer,Hyderabad,Full-time,Medium,1226000
36,Master's,5,Data Analyst,Delhi,Contract,Medium,1088000
47,Bachelor's,24,Business Analyst,Delhi,Full-time,Medium,2631000
23,Bachelor's,1,Web Developer,Bengaluru,Full-time,Small,615000
31,Bachelor's,9,ML Engineer,Bengaluru,Full-time,Medium,1739000
47,Master's,6,Project Manager,Mumbai,Full-time,Small,1604000
22,Bachelor's,1,Product Analyst,Noida,Full-time,Startup,662000
47,Bachelor's,17,Software Engineer,Chennai,Full-time,Medium,1755000
46,Master's,6,DevOps Engineer,Chennai,Full-time,Small,1347000
47,Bachelor's,23,Database Administrator,Delhi,Full-time,Medium,2054000
23,Master's,2,Software Engineer,Ahmedabad,Full-time,Startup,723000
32,Master's,8,Web Developer,Bengaluru,Full-time,Small,1264000
33,Master's,2,Project Manager,Delhi,Full-time,Large,1350000
50,Master's,24,Business Analyst,Ahmedabad,Full-time,Small,2226000
31,Bachelor's,5,Project Manager,Mumbai,Full-time,Startup,1040000
34,PhD,6,Database Administrator,Ahmedabad,Full-time,Startup,963000
28,Bachelor's,7,DevOps Engineer,Ahmedabad,Full-time,Large,1448000
41,Master's,3,,Ahmedabad,Contract,Large,726000
24,Bachelor's,0,ML Engineer,Delhi,Full-time,Startup,1034000
25,Bachelor's,2,Data Analyst,Ahmedabad,Full-time,Small,402000
33,Bachelor's,2,,Noida,Full-time,Medium,977000
26,Master's,3,,Bengaluru,Full-time,Small,941000
41,Bachelor's,7,Data Analyst,Delhi,Full-time,Large,1130000
21,Bachelor's,0,Business Analyst,Hyderabad,Full-time,Medium,663000
30,Bachelor's,1,Web Developer,Ahmedabad,Full-time,Large,505000
33,PhD,11,Data Analyst,Mumbai,Full-time,Medium,1832000
49,Bachelor's,2,Software Engineer,Chennai,Full-time,Medium,795000
48,Bachelor's,11,Business Analyst,Noida,Full-time,Medium,1444000
39,Master's,14,Data Analyst,Hyderabad,Full-time,Medium,1869000
25,Master's,1,Web Developer,Gurugram,Full-time,Startup,600000
47,Bachelor's,11,Product Analyst,Ahmedabad,Contract,Medium,1151000
42,Master's,9,Software Engineer,Ahmedabad,Full-time,Large,1273000
23,Bachelor's,0,Data Analyst,Ahmedabad,Contract,Startup,506000
30,Bachelor's,1,Data Analyst,Bengaluru,Full-time,Startup,577000
41,Bachelor's,9,Database Administrator,Pune,Full-time,Startup,1144000
24,Bachelor's,2,ML Engineer,Ahmedabad,Contract,Medium,1015000
47,Master's,0,Business Analyst,Delhi,Full-time,Large,904000
33,Bachelor's,4,Data Scientist,Chennai,Full-time,Large,1123000
39,Master's,4,Data Analyst,Noida,Full-time,Large,1299000
55,Bachelor's,23,DevOps Engineer,Ahmedabad,Full-time,Medium,1879000
55,Master's,28,Business Analyst,Mumbai,Full-time,Startup,2353000
46,PhD,14,ML Engineer,Ahmedabad,Contract,Small,1460000
23,Master's,0,Software Engineer,Ahmedabad,Full-time,Startup,603000
39,Master's,12,Project Manager,Mumbai,Full-time,Startup,2017000
47,Bachelor's,6,ML Engineer,Bengaluru,Full-time,Large,1700000
52,Bachelor's,13,Software Engineer,Ahmedabad,Full-time,Startup,1258000
34,Bachelor's,4,Data Scientist,Gurugram,Full-time,Startup,1062000
31,Bachelor's,10,Project Manager,Bengaluru,Contract,Medium,1586000
42,Master's,8,DevOps Engineer,Ahmedabad,Full-time,Medium,1189000
31,Master's,9,Business Analyst,Gurugram,Full-time,Large,1752000
46,Bachelor's,5,Web Developer,Chennai,Contract,Small,935000
29,Master's,2,DevOps Engineer,Delhi,Full-time,Large,1342000
36,Master's,14,Project Manager,Kolkata,Contract,Small,1549000
24,Bachelor's,1,Product Analyst,Bengaluru,Full-time,Medium,855000
29,PhD,6,Data Analyst,Gurugram,Full-time,Large,1661000
54,Bachelor's,18,Data Analyst,Gurugram,Full-time,Startup,1546000
37,Bachelor's,4,Product Analyst,Pune,Contract,Medium,925000
29,Bachelor's,3,Data Analyst,Kolkata,Full-time,Medium,713000
25,PhD,2,Database Administrator,Gurugram,Full-time,Medium,1261000
33,Bachelor's,3,Database Administrator,Pune,Full-time,Startup,845000
43,Master's,6,Data Scientist,Ahmedabad,Full-time,Small,1231000
36,Bachelor's,14,Web Developer,Chennai,Full-time,Medium,1683000
22,Bachelor's,1,Software Engineer,Mumbai,Part-time,Startup,387000
42,Master's,15,Product Analyst,Pune,Contract,Medium,1947000
37,Bachelor's,8,Data Scientist,Kolkata,Full-time,Medium,1404000
35,Master's,5,Data Analyst,Gurugram,Full-time,Startup,900000
53,Master's,5,ML Engineer,Kolkata,Full-time,Small,1223000
38,Bachelor's,5,Data Analyst,Noida,Full-time,Small,807000
22,Bachelor's,1,Data Analyst,Delhi,Full-time,Large,814000
43,Master's,15,DevOps Engineer,Hyderabad,Contract,Medium,2171000
33,Bachelor's,9,Product Analyst,Kolkata,Full-time,Startup,949000
52,PhD,5,Database Administrator,Delhi,Full-time,Medium,1250000
43,Bachelor's,16,DevOps Engineer,Chennai,Full-time,Startup,1543000
35,Bachelor's,1,Business Analyst,Bengaluru,Full-time,Medium,839000
55,Bachelor's,15,Software Engineer,Kolkata,Full-time,Small,1370000
46,Master's,24,ML Engineer,Bengaluru,Full-time,Startup,2969000
33,Bachelor's,7,DevOps Engineer,Mumbai,Full-time,Large,1786000
46,Master's,19,DevOps Engineer,Pune,Full-time,Medium,2542000
39,Master's,12,Project Manager,Ahmedabad,Full-time,Medium,1613000
25,Bachelor's,1,Data Analyst,Noida,Full-time,Large,767000
54,PhD,21,ML Engineer,Chennai,Full-time,Medium,2378000
55,PhD,29,Project Manager,Bengaluru,Contract,Large,4354000
52,Bachelor's,3,Data Scientist,Kolkata,Contract,Small,892000
37,Bachelor's,7,Data Analyst,Gurugram,Full-time,Startup,977000
50,Bachelor's,9,DevOps Engineer,Noida,Contract,Startup,1323000
42,PhD,16,Data Analyst,Bengaluru,Part-time,Startup,1009000
40,Bachelor's,12,Software Engineer,Bengaluru,Full-time,Medium,1695000
55,Master's,27,Database Administrator,Pune,Full-time,Medium,2775000
54,Master's,33,Business Analyst,Kolkata,Full-time,Startup,2270000
36,Master's,5,Web Developer,Hyderabad,Contract,Large,1365000
26,Bachelor's,5,Data Scientist,Noida,Full-time,Medium,1353000
36,Bachelor's,8,DevOps Engineer,Delhi,Full-time,Medium,1461000
37,Bachelor's,15,Web Developer,Kolkata,Part-time,Large,720000
37,Bachelor's,1,ML Engineer,Kolkata,Full-time,Medium,875000
43,Master's,8,Data Analyst,Bengaluru,Full-time,Medium,1330000
22,Master's,0,Project Manager,Mumbai,Full-time,Startup,1079000
42,Bachelor's,10,DevOps Engineer,Hyderabad,Contract,Medium,1532000
24,Bachelor's,0,Web Developer,Gurugram,Full-time,Small,723000
28,Master's,6,Web Developer,Hyderabad,Full-time,Large,1195000
44,Bachelor's,7,Project Manager,Chennai,Contract,Large,1606000
38,Bachelor's,11,Project Manager,Gurugram,Full-time,Small,1366000
22,Bachelor's,1,Database Administrator,Delhi,Full-time,Large,928000
27,Bachelor's,1,Project Manager,Gurugram,Full-time,Small,1092000
24,Master's,2,Web Developer,Kolkata,Full-time,Medium,657000
28,Bachelor's,3,Web Developer,Mumbai,Part-time,Medium,505000
25,Bachelor's,3,ML Engineer,Gurugram,Full-time,Medium,1544000
28,Bachelor's,6,ML Engineer,Delhi,Full-time,Startup,1265000
49,Master's,12,Business Analyst,Hyderabad,Full-time,Large,1611000
40,Bachelor's,19,DevOps Engineer,Chennai,Contract,Medium,2283000
47,Bachelor's,6,Web Developer,Chennai,Full-time,Large,921000
47,Master's,12,Data Analyst,Hyderabad,Full-time,Large,1923000
50,Bachelor's,21,ML Engineer,Bengaluru,Full-time,Medium,2922000
21,PhD,0,Web Developer,Chennai,Part-time,Large,578000
47,Master's,9,Product Analyst,Mumbai,Full-time,Startup,1362000
41,Master's,0,Product Analyst,Ahmedabad,Full-time,Large,706000
50,Bachelor's,13,Project Manager,Delhi,Full-time,Large,2399000
48,Bachelor's,27,ML Engineer,Gurugram,Full-time,Small,2341000
38,Master's,8,Software Engineer,Mumbai,Full-time,Medium,1732000
53,Bachelor's,22,Business Analyst,Bengaluru,Full-time,Small,2289000
41,Master's,17,Product Analyst,Gurugram,Full-time,Startup,1718000
45,PhD,17,Web Developer,Noida,Contract,Startup,1658000
54,Bachelor's,15,Product Analyst,Gurugram,Full-time,Medium,1809000
40,Master's,13,Database Administrator,Chennai,Full-time,Medium,1868000
50,Bachelor's,23,Data Scientist,Gurugram,Full-time,Small,2336000
48,Bachelor's,13,Business Analyst,Bengaluru,Full-time,Startup,1449000
22,Bachelor's,0,Data Scientist,Hyderabad,Contract,Medium,1041000
41,Bachelor's,14,Business Analyst,Mumbai,Full-time,Medium,1779000
41,PhD,7,Data Analyst,Ahmedabad,Full-time,Small,977000
52,Bachelor's,23,Database Administrator,Gurugram,Full-time,Medium,2389000
38,Bachelor's,7,ML Engineer,Pune,Part-time,Startup,825000
22,Bachelor's,1,Web Developer,Delhi,Full-time,Small,677000
49,Master's,19,ML Engineer,Hyderabad,Full-time,Small,2481000
36,Master's,8,Data Analyst,Delhi,Full-time,Small,1008000
36,Master's,9,Project Manager,Hyderabad,Full-time,Small,1509000
45,PhD,23,Database Administrator,Delhi,Full-time,Large,3132000
49,Bachelor's,5,Database Administrator,Mumbai,Full-time,Large,1408000
23,PhD,2,DevOps Engineer,Bengaluru,Full-time,Startup,1303000
39,Bachelor's,18,Product Analyst,Bengaluru,Full-time,Medium,2448000
39,Master's,0,ML Engineer,Mumbai,Full-time,Large,1531000
46,Bachelor's,17,Web Developer,Bengaluru,Full-time,Startup,1707000
35,Bachelor's,9,Project Manager,Gurugram,Full-time,Large,1855000
29,Master's,7,ML Engineer,Mumbai,Full-time,Small,1541000
46,Bachelor's,16,Database Administrator,Noida,Full-time,Small,1647000
48,Master's,7,Project Manager,Pune,Full-time,Small,1578000
23,Bachelor's,1,Business Analyst,Mumbai,Full-time,Medium,676000
41,Bachelor's,16,Data Analyst,Kolkata,Full-time,Large,1702000
40,Master's,8,Data Scientist,Mumbai,Contract,Small,1301000
43,Bachelor's,6,ML Engineer,Hyderabad,Full-time,Medium,1359000
55,Bachelor's,30,Project Manager,Delhi,Full-time,Medium,3613000
36,Master's,15,Project Manager,Hyderabad,Full-time,Large,2716000
48,Master's,13,Project Manager,Pune,Full-time,Small,1893000
55,Master's,29,Data Scientist,Mumbai,Full-time,Small,3439000
42,Master's,19,Product Analyst,Pune,Full-time,Startup,1964000
52,Bachelor's,1,Project Manager,Noida,Full-time,Large,1104000
48,Bachelor's,19,Web Developer,Pune,Full-time,Startup,1570000
36,PhD,3,Product Analyst,Bengaluru,Contract,Medium,1034000
38,Master's,13,Business Analyst,Mumbai,Full-time,Large,2217000
21,Bachelor's,0,Software Engineer,Gurugram,Full-time,Medium,814000
42,Bachelor's,8,Database Administrator,Hyderabad,Part-time,Small,692000
35,Bachelor's,9,Product Analyst,Ahmedabad,Full-time,Medium,1071000
33,Bachelor's,10,Product Analyst,Gurugram,Full-time,Small,1399000
37,Bachelor's,6,ML Engineer,Chennai,Full-time,Medium,1450000
26,Bachelor's,0,ML Engineer,Gurugram,Full-time,Small,969000
38,Bachelor's,9,ML Engineer,Mumbai,Contract,Large,1989000
48,Bachelor's,13,Product Analyst,Pune,Full-time,Startup,1560000
54,Bachelor's,15,ML Engineer,Kolkata,Contract,Large,2051000
34,Bachelor's,13,Web Developer,Pune,Full-time,Startup,1297000
30,Master's,9,Data Analyst,Gurugram,Full-time,Large,1479000
36,Master's,4,ML Engineer,Hyderabad,Full-time,Startup,1191000
33,Master's,10,Product Analyst,Gurugram,Full-time,Medium,1437000
41,Master's,9,Product Analyst,Pune,Full-time,Startup,1334000
41,Bachelor's,16,Business Analyst,Mumbai,Part-time,Medium,920000
27,Master's,0,Database Administrator,Delhi,Full-time,Medium,852000
32,Bachelor's,2,Project Manager,Pune,Contract,Startup,1127000
49,Bachelor's,2,Database Administrator,Delhi,Full-time,Startup,663000
29,Master's,4,Software Engineer,Mumbai,Full-time,Medium,1351000
25,Master's,0,Business Analyst,Delhi,Full-time,Large,879000
36,Bachelor's,5,Web Developer,Mumbai,Full-time,Small,864000
42,Master's,10,Business Analyst,Gurugram,Full-time,Medium,1356000
29,Bachelor's,5,Database Administrator,Kolkata,Full-time,Large,963000
35,PhD,2,Data Analyst,Kolkata,Full-time,Large,1048000
21,Master's,0,Software Engineer,Chennai,Full-time,Startup,720000
27,Master's,1,Data Analyst,Kolkata,Contract,Startup,497000
52,Master's,3,Project Manager,Hyderabad,Full-time,Startup,1175000
30,Bachelor's,8,Data Analyst,Gurugram,Full-time,Startup,920000
30,Bachelor's,4,Data Scientist,Chennai,Full-time,Large,1389000
49,Bachelor's,2,Web Developer,Gurugram,Full-time,Large,896000
50,Master's,1,Project Manager,Gurugram,Full-time,Startup,1024000
38,Bachelor's,6,DevOps Engineer,Kolkata,Full-time,Large,1183000
43,PhD,7,ML Engineer,Gurugram,Full-time,Small,1720000
38,Bachelor's,9,Data Analyst,Hyderabad,Full-time,Small,903000
55,Bachelor's,22,Project Manager,Chennai,Contract,Large,2576000
28,Master's,7,ML Engineer,Hyderabad,Contract,Startup,1312000
29,Bachelor's,6,Software Engineer,Hyderabad,Full-time,Startup,1059000
35,PhD,10,Database Administrator,Pune,Full-time,Large,2156000
54,Bachelor's,1,Data Scientist,Mumbai,Full-time,Small,981000
52,Bachelor's,31,Project Manager,Noida,Full-time,Startup,2480000
52,Bachelor's,25,Web Developer,Pune,Full-time,Medium,2382000
29,Master's,4,Product Analyst,Gurugram,Contract,Startup,1042000
47,Master's,7,Web Developer,Kolkata,Contract,Small,864000
35,Bachelor's,4,Project Manager,Chennai,Contract,Medium,1217000
30,Master's,6,Data Scientist,Hyderabad,Full-time,Medium,1438000
35,Master's,6,ML Engineer,,Full-time,Large,1666000
23,Bachelor's,0,Web Developer,Bengaluru,Full-time,Startup,529000
21,Bachelor's,0,Product Analyst,Delhi,Full-time,Small,591000
54,Master's,0,DevOps Engineer,Bengaluru,Full-time,Startup,982000
38,PhD,15,Product Analyst,Pune,Full-time,Small,1700000
48,Master's,5,Business Analyst,Hyderabad,Full-time,Startup,919000
22,Bachelor's,0,Business Analyst,Pune,Part-time,Large,554000
33,Bachelor's,10,Data Scientist,Gurugram,Full-time,Medium,1741000
23,Bachelor's,1,ML Engineer,Gurugram,Full-time,Medium,1096000
35,PhD,2,DevOps Engineer,Mumbai,Full-time,Large,1581000
40,Bachelor's,5,Project Manager,Chennai,Full-time,Large,1580000
36,Bachelor's,10,Web Developer,Chennai,Full-time,Medium,1199000
52,Master's,15,Business Analyst,Gurugram,Full-time,Startup,1666000
21,Master's,0,Project Manager,Bengaluru,Full-time,Small,1190000
26,Bachelor's,5,Business Analyst,Hyderabad,Full-time,Medium,960000
48,Bachelor's,16,Business Analyst,Noida,Full-time,Medium,1688000
42,Master's,6,Web Developer,Hyderabad,Full-time,Medium,1121000
23,Bachelor's,1,Project Manager,Bengaluru,Full-time,Medium,1190000
35,Master's,0,ML Engineer,,Full-time,Medium,924000
29,Bachelor's,2,Web Developer,Mumbai,Full-time,Small,587000
39,Bachelor's,14,Product Analyst,Delhi,Full-time,Medium,1834000
28,Bachelor's,0,Web Developer,Mumbai,Full-time,Medium,588000
40,,12,Software Engineer,Delhi,Part-time,Startup,765000
48,PhD,15,Web Developer,Hyderabad,Full-time,Startup,1703000
47,Bachelor's,16,Business Analyst,Hyderabad,Full-time,Small,1519000
26,Bachelor's,3,Product Analyst,Gurugram,Contract,Small,777000
30,Master's,0,Data Scientist,Chennai,Full-time,Medium,910000
23,Master's,1,Data Scientist,Delhi,Full-time,Small,1064000
26,Bachelor's,5,Database Administrator,Mumbai,Full-time,Startup,917000
28,Bachelor's,4,DevOps Engineer,Bengaluru,Full-time,Small,1224000
47,Bachelor's,12,Project Manager,Noida,Full-time,Startup,1501000
35,Master's,11,Data Analyst,Hyderabad,Full-time,Large,1389000
52,Bachelor's,25,Web Developer,Hyderabad,Full-time,Medium,2044000
38,Bachelor's,12,Database Administrator,Kolkata,Full-time,Medium,1306000
24,Bachelor's,1,,Gurugram,Full-time,Startup,553000
52,Bachelor's,7,DevOps Engineer,Ahmedabad,Full-time,Large,1363000
35,Bachelor's,14,Software Engineer,Gurugram,Full-time,Medium,1612000
23,Master's,0,Project Manager,Chennai,Full-time,Medium,958000
53,Bachelor's,16,Product Analyst,Gurugram,Full-time,Medium,2212000
31,Bachelor's,3,Data Scientist,Kolkata,Full-time,Large,1115000
24,Bachelor's,3,DevOps Engineer,Noida,Full-time,Large,1406000
38,Master's,3,Project Manager,Chennai,Full-time,Medium,1358000
21,Bachelor's,0,Product Analyst,Gurugram,Contract,Startup,682000
34,Master's,13,Web Developer,Hyderabad,Full-time,Small,1535000
38,Bachelor's,0,Web Developer,Kolkata,Contract,Large,600000
42,Bachelor's,19,Product Analyst,Chennai,Full-time,Small,2116000
28,Master's,1,Web Developer,Mumbai,Full-time,Medium,803000
46,Bachelor's,3,Database Administrator,Bengaluru,Full-time,Small,1046000
55,Bachelor's,11,Business Analyst,Ahmedabad,Full-time,Small,1130000
24,Bachelor's,2,Business Analyst,Pune,Contract,Startup,604000
21,Bachelor's,0,Data Analyst,Pune,Contract,Startup,556000
23,Bachelor's,0,DevOps Engineer,Chennai,Full-time,Large,1177000
43,Bachelor's,6,Web Developer,Gurugram,Full-time,Small,1093000
53,Bachelor's,27,Database Administrator,Ahmedabad,Contract,Medium,1752000
30,Master's,5,Product Analyst,Pune,Full-time,Large,1232000
37,Master's,6,Software Engineer,Pune,Full-time,Medium,1349000
51,Bachelor's,3,Web Developer,Ahmedabad,Full-time,Large,688000
32,Bachelor's,2,Project Manager,Mumbai,Full-time,Large,1487000
42,PhD,13,Product Analyst,Kolkata,Full-time,Medium,1361000
49,Bachelor's,19,Data Scientist,Noida,Contract,Large,2764000
43,Bachelor's,12,Data Analyst,Hyderabad,Full-time,Large,1445000
37,Bachelor's,11,Project Manager,Gurugram,Contract,Small,1634000
24,Bachelor's,3,Web Developer,Gurugram,Full-time,Large,842000
21,Bachelor's,0,Database Administrator,Mumbai,Contract,Medium,902000
29,Master's,3,ML Engineer,Kolkata,Full-time,Large,1251000
51,Bachelor's,21,Product Analyst,Chennai,Full-time,Startup,1960000
51,Master's,6,Data Scientist,Noida,Full-time,Large,1618000
34,Bachelor's,2,Product Analyst,Noida,Full-time,Medium,895000
34,,12,DevOps Engineer,Gurugram,Full-time,Large,2209000
24,Bachelor's,2,Software Engineer,Delhi,Full-time,Small,806000
54,Bachelor's,26,,Mumbai,Contract,Startup,1955000
45,Bachelor's,2,ML Engineer,Delhi,Full-time,Large,1402000
53,Bachelor's,24,Product Analyst,Noida,Full-time,Medium,1942000
36,Bachelor's,1,ML Engineer,Gurugram,Contract,Small,892000
32,Master's,8,Product Analyst,Bengaluru,Full-time,Large,1694000
30,Master's,3,Data Analyst,Kolkata,Full-time,Medium,730000
22,Master's,0,Data Analyst,Bengaluru,Part-time,Small,504000
46,Bachelor's,5,Web Developer,Bengaluru,Full-time,Startup,850000
47,PhD,0,Data Analyst,Hyderabad,Full-time,Small,639000
22,Bachelor's,1,Database Administrator,Pune,Full-time,Large,907000
45,Bachelor's,8,Product Analyst,Kolkata,Full-time,Small,901000
27,Bachelor's,5,ML Engineer,Hyderabad,Full-time,Medium,1592000
53,Bachelor's,16,Data Analyst,Kolkata,Full-time,Medium,1402000
32,Master's,9,Data Scientist,Pune,Full-time,Medium,1695000
47,Bachelor's,26,Project Manager,Hyderabad,Full-time,Small,2788000
45,PhD,23,Data Scientist,Bengaluru,Full-time,Large,3680000
37,Bachelor's,14,ML Engineer,Bengaluru,Full-time,Large,2588000
21,Master's,0,Project Manager,Delhi,Contract,Medium,1019000
28,Bachelor's,6,Data Scientist,Bengaluru,Full-time,Large,1928000
54,PhD,18,Product Analyst,Mumbai,Full-time,Startup,2012000
43,Bachelor's,12,Web Developer,Kolkata,Full-time,Medium,1137000
29,Bachelor's,0,Data Scientist,Noida,Full-time,Small,934000
31,Master's,9,Web Developer,Bengaluru,Full-time,Small,1270000
49,Bachelor's,23,Web Developer,Delhi,Part-time,Large,1146000
28,Bachelor's,6,DevOps Engineer,Kolkata,Full-time,Large,1242000
43,Master's,22,Business Analyst,Ahmedabad,Full-time,Startup,1893000
43,Bachelor's,17,Data Analyst,Ahmedabad,Full-time,Startup,1266000
45,Bachelor's,7,Software Engineer,Delhi,Full-time,Medium,1236000
40,Master's,14,Database Administrator,Gurugram,Full-time,Large,2436000
33,Bachelor's,7,Project Manager,Gurugram,Full-time,Large,1989000
52,Master's,12,DevOps Engineer,Gurugram,Full-time,Large,2432000
36,Bachelor's,2,Product Analyst,Gurugram,Full-time,Startup,833000
53,Bachelor's,14,Data Analyst,Bengaluru,Full-time,Medium,1335000
29,PhD,6,Web Developer,Pune,Full-time,Medium,1215000
44,Bachelor's,14,Database Administrator,Noida,Contract,Startup,1607000
27,Master's,1,Product Analyst,Mumbai,Full-time,Small,840000
39,Master's,11,Business Analyst,Gurugram,Full-time,Large,1949000
43,Bachelor's,20,Web Developer,Ahmedabad,Full-time,Small,1577000
44,Master's,17,Software Engineer,Gurugram,Full-time,Small,1898000
51,Bachelor's,9,Project Manager,Bengaluru,Full-time,Large,2096000
33,Bachelor's,11,Project Manager,Hyderabad,Full-time,Startup,1440000
25,PhD,1,Data Analyst,Mumbai,Contract,Small,877000
41,Master's,11,DevOps Engineer,Bengaluru,Full-time,Startup,1712000
31,Master's,0,Project Manager,Kolkata,Contract,Medium,1019000
28,Bachelor's,6,DevOps Engineer,Delhi,Full-time,Medium,1363000
24,Bachelor's,2,Data Analyst,Delhi,Part-time,Startup,312000
50,Bachelor's,21,Project Manager,Pune,Full-time,Startup,2337000
54,Master's,4,Software Engineer,Delhi,Contract,Startup,1015000
21,Master's,0,ML Engineer,Ahmedabad,Contract,Small,961000
31,Bachelor's,5,Data Analyst,Delhi,Full-time,Medium,989000
21,PhD,0,Business Analyst,Delhi,Full-time,Startup,680000
54,Bachelor's,31,Data Scientist,Pune,Part-time,Medium,1559000
38,Master's,2,Product Analyst,Pune,Full-time,Medium,904000
42,Master's,21,Data Analyst,Chennai,Full-time,Large,2283000
32,PhD,2,Project Manager,Noida,Full-time,Medium,1489000
44,Bachelor's,17,DevOps Engineer,Delhi,Full-time,Medium,1849000
44,Master's,1,Data Scientist,Bengaluru,Full-time,Medium,1195000
55,Master's,17,Business Analyst,Kolkata,Full-time,Large,1544000
52,Bachelor's,20,Data Analyst,Bengaluru,Full-time,Small,2123000
41,Bachelor's,9,Web Developer,Delhi,Full-time,Small,1135000
30,Master's,7,Product Analyst,Pune,Full-time,Medium,1322000
39,Master's,1,Database Administrator,Ahmedabad,Full-time,Large,922000
48,Master's,9,Data Analyst,Chennai,Full-time,Medium,1225000
23,Bachelor's,0,Software Engineer,Gurugram,Full-time,Small,768000
41,Bachelor's,6,ML Engineer,Delhi,Full-time,Small,1284000
30,Bachelor's,5,ML Engineer,Chennai,Full-time,Large,1505000
36,Bachelor's,15,Web Developer,Kolkata,Full-time,Startup,1091000
46,Bachelor's,12,Product Analyst,Noida,Full-time,Startup,1084000
42,Master's,18,Business Analyst,Bengaluru,Contract,Large,2527000
28,Master's,7,Business Analyst,Mumbai,Full-time,Startup,1296000
22,Bachelor's,0,Web Developer,Bengaluru,Full-time,Medium,554000
46,Bachelor's,0,Project Manager,Kolkata,Full-time,Startup,484000
37,Bachelor's,15,Software Engineer,Gurugram,Full-time,Small,1737000
24,Master's,1,Software Engineer,Hyderabad,Part-time,Startup,312000
34,Bachelor's,8,DevOps Engineer,Delhi,Full-time,Medium,1425000
21,Master's,0,Software Engineer,Delhi,Full-time,Medium,1013000
45,Master's,11,Product Analyst,Chennai,Full-time,Large,1672000
22,Bachelor's,0,Project Manager,Ahmedabad,Full-time,Large,921000
26,Master's,5,DevOps Engineer,Kolkata,Full-time,Small,915000
24,Master's,3,Database Administrator,Delhi,Full-time,Large,1185000
52,Bachelor's,9,DevOps Engineer,Ahmedabad,Full-time,Medium,1147000
54,Bachelor's,26,Database Administrator,Pune,Full-time,Startup,2292000
27,Master's,5,Business Analyst,Mumbai,Full-time,Startup,994000
51,Bachelor's,20,DevOps Engineer,Noida,Full-time,Large,2806000
43,Master's,17,ML Engineer,Bengaluru,Part-time,Large,1711000
54,Bachelor's,18,Database Administrator,Gurugram,Full-time,Small,1959000
53,Bachelor's,31,Business Analyst,Kolkata,Full-time,Large,3085000
54,Bachelor's,6,Data Analyst,Chennai,Full-time,Large,949000
46,Bachelor's,10,Web Developer,Kolkata,Full-time,Startup,856000
47,Master's,20,Data Scientist,Mumbai,Full-time,Startup,2546000
46,Master's,19,Software Engineer,Mumbai,Contract,Small,1761000
44,Bachelor's,23,Software Engineer,Bengaluru,Full-time,Large,2622000
46,PhD,18,Database Administrator,Ahmedabad,Contract,Large,1791000
34,Bachelor's,1,Software Engineer,Chennai,Full-time,Small,739000
35,Bachelor's,11,Product Analyst,Mumbai,Full-time,Startup,1099000
32,Bachelor's,1,Data Analyst,Bengaluru,Contract,Small,675000
25,Master's,0,Project Manager,Bengaluru,Full-time,Medium,1299000
27,Bachelor's,1,Business Analyst,Ahmedabad,Full-time,Small,627000
26,Master's,4,Product Analyst,Pune,Contract,Startup,863000
32,Master's,4,Data Analyst,Pune,Contract,Large,975000
52,Bachelor's,26,Software Engineer,Hyderabad,Contract,Large,3186000
55,Bachelor's,6,Project Manager,Bengaluru,Full-time,Medium,1689000
45,Master's,17,Project Manager,Pune,Full-time,Small,1989000
42,Bachelor's,17,Web Developer,Pune,Full-time,Startup,1386000
55,Bachelor's,25,Business Analyst,Hyderabad,Contract,Startup,1981000
32,Master's,4,Project Manager,Noida,Full-time,Medium,1417000
44,PhD,18,Database Administrator,Mumbai,Full-time,Large,3052000
34,Master's,2,Web Developer,Hyderabad,Contract,Large,900000
50,Bachelor's,22,Business Analyst,Kolkata,Full-time,Medium,1662000
35,Bachelor's,3,ML Engineer,Mumbai,Full-time,Medium,1363000
46,Master's,4,Business Analyst,Kolkata,Full-time,Startup,872000
40,Bachelor's,14,Product Analyst,Mumbai,Full-time,Large,1890000
54,Master's,22,,Chennai,Full-time,Large,3032000
34,PhD,13,Software Engineer,Gurugram,Full-time,Startup,1687000
31,Bachelor's,10,Product Analyst,Mumbai,Full-time,Startup,1297000
34,,7,DevOps Engineer,Chennai,Full-time,Small,1145000
38,Master's,6,ML Engineer,Gurugram,Full-time,Small,1347000
29,Bachelor's,7,Software Engineer,Bengaluru,Contract,Large,1263000
23,Bachelor's,1,Database Administrator,Ahmedabad,Part-time,Medium,466000
46,PhD,8,Data Scientist,Pune,Full-time,Startup,1492000
21,Master's,0,Business Analyst,Delhi,Full-time,Small,700000
50,Master's,9,DevOps Engineer,Noida,Full-time,Medium,1777000
24,Bachelor's,3,Software Engineer,Mumbai,Full-time,Startup,898000
53,Master's,30,Data Scientist,Kolkata,Full-time,Medium,2999000
23,Master's,1,Project Manager,Pune,Full-time,Large,1227000
54,Bachelor's,3,Data Scientist,Delhi,Full-time,Large,1314000
55,Bachelor's,14,Project Manager,Bengaluru,Contract,Medium,1822000
42,Bachelor's,9,Database Administrator,Kolkata,Full-time,Medium,1220000
40,PhD,7,Data Scientist,Chennai,Full-time,Small,1477000
23,Bachelor's,2,Project Manager,Noida,Full-time,Medium,1170000
37,,16,Product Analyst,Kolkata,Full-time,Startup,1118000
23,Master's,1,Product Analyst,Hyderabad,Full-time,Small,792000
43,PhD,1,Data Analyst,Chennai,Full-time,Medium,968000
26,Bachelor's,5,Product Analyst,Bengaluru,Contract,Startup,974000
27,Bachelor's,5,Database Administrator,Bengaluru,Full-time,Startup,998000
49,Bachelor's,7,Software Engineer,Pune,Full-time,Small,1219000
44,Master's,18,Software Engineer,Noida,Full-time,Small,1913000
49,Bachelor's,17,Product Analyst,Mumbai,Full-time,Startup,1612000
41,Bachelor's,19,Business Analyst,Mumbai,Full-time,Medium,2468000
54,PhD,5,Project Manager,Mumbai,Full-time,Medium,1673000
21,Bachelor's,0,ML Engineer,Pune,Full-time,Medium,1052000
43,Bachelor's,5,Project Manager,Mumbai,Full-time,Medium,1485000
37,PhD,4,ML Engineer,Mumbai,Part-time,Small,1022000
37,Master's,13,Database Administrator,Ahmedabad,Full-time,Large,1566000
43,Bachelor's,11,Project Manager,Pune,Full-time,Large,1891000
30,Bachelor's,0,Database Administrator,Pune,Full-time,Small,593000
21,,0,Data Analyst,Bengaluru,Contract,Medium,495000
35,Master's,6,Software Engineer,Noida,Contract,Large,1359000
46,Bachelor's,18,DevOps Engineer,Pune,Full-time,Medium,2126000
47,Bachelor's,8,Software Engineer,Ahmedabad,Part-time,Medium,704000
40,Master's,11,Data Analyst,Hyderabad,Full-time,Medium,1627000
29,PhD,1,Data Scientist,Bengaluru,Full-time,Medium,1362000
48,Bachelor's,26,Data Analyst,Bengaluru,Contract,Large,2217000
35,Master's,9,ML Engineer,Mumbai,Contract,Large,2246000
28,Bachelor's,5,Database Administrator,Ahmedabad,Full-time,Large,933000
26,Master's,4,Project Manager,Mumbai,Full-time,Large,1869000
39,Master's,14,DevOps Engineer,Bengaluru,Full-time,Large,2583000
42,Bachelor's,4,Product Analyst,Gurugram,Full-time,Small,848000
45,Bachelor's,5,Database Administrator,Chennai,Full-time,Startup,942000
52,Bachelor's,20,Software Engineer,Noida,Full-time,Large,2583000
35,Bachelor's,4,Business Analyst,Hyderabad,Full-time,Startup,862000
21,Bachelor's,0,Business Analyst,Delhi,Full-time,Medium,688000
50,Bachelor's,1,ML Engineer,Delhi,Full-time,Large,1386000
35,Bachelor's,3,Product Analyst,Delhi,Full-time,Startup,771000
54,Master's,18,Web Developer,Pune,Full-time,Startup,1906000
23,Bachelor's,1,Business Analyst,Kolkata,Full-time,Large,581000
40,Master's,4,Product Analyst,Hyderabad,Part-time,Medium,577000
21,Master's,0,Business Analyst,Bengaluru,Full-time,Small,738000
27,Master's,0,Business Analyst,Pune,Full-time,Medium,832000
50,Bachelor's,7,Software Engineer,Kolkata,Full-time,Large,1169000
46,PhD,7,Project Manager,Delhi,Full-time,Medium,1834000
33,Master's,3,Database Administrator,Ahmedabad,Full-time,Large,910000
51,Bachelor's,27,Business Analyst,Bengaluru,Full-time,Large,3539000
54,Master's,1,DevOps Engineer,Pune,Full-time,Startup,918000
35,Bachelor's,13,Data Scientist,Hyderabad,Part-time,Medium,964000
33,Bachelor's,10,DevOps Engineer,Hyderabad,Full-time,Startup,1234000
23,Bachelor's,0,Data Analyst,Pune,Full-time,Large,545000
55,PhD,6,Software Engineer,Bengaluru,Full-time,Small,1437000
21,Master's,0,Web Developer,Kolkata,Full-time,Medium,630000
37,Bachelor's,6,Data Analyst,Gurugram,Full-time,Startup,966000
46,Master's,7,Data Analyst,Mumbai,Full-time,Large,1559000
47,Bachelor's,14,Data Analyst,Ahmedabad,Full-time,Medium,1257000
35,Bachelor's,2,Business Analyst,Bengaluru,Full-time,Startup,700000
35,Master's,3,Project Manager,Gurugram,Full-time,Startup,1233000
46,Bachelor's,25,Product Analyst,Hyderabad,Full-time,Small,2087000
25,Bachelor's,2,Business Analyst,Delhi,Full-time,Medium,898000
25,Bachelor's,4,Software Engineer,Chennai,Full-time,Large,1004000
26,Master's,0,Web Developer,Hyderabad,Full-time,Medium,565000
21,Bachelor's,0,ML Engineer,Chennai,Full-time,Large,1215000
45,Bachelor's,8,Product Analyst,Delhi,Full-time,Startup,1114000
26,Master's,1,Business Analyst,Gurugram,Full-time,Large,877000
23,Bachelor's,1,ML Engineer,Pune,Full-time,Small,979000
29,PhD,1,Software Engineer,Bengaluru,Full-time,Large,1284000
37,Master's,1,ML Engineer,Delhi,Full-time,Startup,1112000
27,Bachelor's,3,ML Engineer,Hyderabad,Full-time,Small,1116000
29,Bachelor's,7,Data Scientist,Gurugram,Full-time,Small,1321000
55,Bachelor's,18,Product Analyst,Hyderabad,Full-time,Startup,1648000
30,Master's,1,Project Manager,Mumbai,Full-time,Medium,1455000
34,,12,DevOps Engineer,Chennai,Full-time,Small,1937000
34,Master's,9,DevOps Engineer,Bengaluru,Full-time,Large,2061000
30,Master's,8,Project Manager,Delhi,Contract,Startup,1303000
49,Bachelor's,10,Business Analyst,Mumbai,Full-time,Medium,1537000
22,Bachelor's,0,Data Analyst,Kolkata,Full-time,Medium,384000
23,Bachelor's,2,Data Analyst,Gurugram,Part-time,Startup,252000
37,Bachelor's,0,Product Analyst,Gurugram,Contract,Large,742000
29,PhD,7,DevOps Engineer,Chennai,Full-time,Small,1248000
38,Master's,13,Business Analyst,Pune,Full-time,Startup,1569000
31,Bachelor's,1,Business Analyst,Hyderabad,Full-time,Small,614000
49,Bachelor's,25,Database Administrator,Hyderabad,Contract,Startup,2279000
47,Bachelor's,4,Data Analyst,Hyderabad,Full-time,Startup,709000
37,Master's,12,Product Analyst,Mumbai,Full-time,Small,1688000
32,Bachelor's,2,Software Engineer,Hyderabad,Full-time,Medium,891000
51,Master's,14,Web Developer,Noida,Full-time,Medium,1757000
53,Master's,20,Web Developer,Mumbai,Full-time,Startup,1688000
25,Bachelor's,1,Business Analyst,Mumbai,Contract,Medium,727000
22,Bachelor's,1,Database Administrator,Ahmedabad,Full-time,Large,849000
41,Bachelor's,20,Software Engineer,Gurugram,Full-time,Large,2583000
47,Master's,24,DevOps Engineer,Gurugram,Full-time,Large,3098000
46,Master's,20,ML Engineer,Noida,Full-time,Medium,2313000
40,Bachelor's,0,Data Scientist,Chennai,Full-time,Small,1012000
44,Bachelor's,16,Web Developer,Kolkata,Full-time,Medium,1382000
45,Bachelor's,3,Data Analyst,Chennai,Contract,Startup,448000
26,Bachelor's,5,Software Engineer,Chennai,Full-time,Small,954000
27,Bachelor's,0,Software Engineer,Delhi,Full-time,Small,625000
22,Master's,1,DevOps Engineer,Pune,Full-time,Medium,1135000
38,PhD,3,Web Developer,Mumbai,Full-time,Medium,1108000
28,PhD,2,Web Developer,Chennai,Part-time,Large,503000
39,Bachelor's,18,Database Administrator,Pune,Full-time,Large,2571000
50,Master's,4,Business Analyst,Delhi,Full-time,Startup,989000
43,Master's,0,Data Scientist,Hyderabad,Full-time,Medium,1150000
35,Master's,5,ML Engineer,Mumbai,Full-time,Large,1787000
41,Master's,13,Product Analyst,Noida,Full-time,Startup,1463000
40,Master's,5,Product Analyst,Chennai,Full-time,Small,1153000
23,PhD,1,Web Developer,Gurugram,Contract,Small,953000
34,Bachelor's,1,Web Developer,Hyderabad,Contract,Startup,578000
49,Bachelor's,26,Project Manager,Bengaluru,Full-time,Medium,3184000
53,,14,Business Analyst,Chennai,Full-time,Small,1791000
41,Bachelor's,11,Software Engineer,Pune,Part-time,Small,616000
42,Master's,6,Product Analyst,Gurugram,Full-time,Large,1601000
41,Master's,15,Web Developer,Pune,Full-time,Medium,1570000
49,Master's,4,Project Manager,Pune,Full-time,Medium,1486000
34,Bachelor's,7,Business Analyst,Ahmedabad,Full-time,Medium,1153000
49,Bachelor's,27,ML Engineer,Noida,Full-time,Medium,3182000
54,Bachelor's,25,Business Analyst,Gurugram,Full-time,Large,3222000
34,Master's,0,Project Manager,Ahmedabad,Full-time,Large,1118000
54,Bachelor's,18,Business Analyst,Hyderabad,Full-time,Medium,2204000
28,Master's,1,Software Engineer,Bengaluru,Full-time,Startup,798000
35,PhD,14,Business Analyst,Bengaluru,Full-time,Medium,2099000
22,Master's,0,Project Manager,Kolkata,Full-time,Large,1079000
29,Bachelor's,0,DevOps Engineer,Pune,Full-time,Startup,837000
52,Bachelor's,20,Project Manager,Pune,Contract,Large,2852000
34,Bachelor's,8,Data Scientist,Chennai,Full-time,Startup,1286000
31,Master's,7,Data Analyst,Noida,Full-time,Medium,1213000
33,Bachelor's,7,Data Analyst,Hyderabad,Full-time,Startup,819000
51,Bachelor's,17,Software Engineer,Chennai,Full-time,Medium,1506000
37,Bachelor's,9,Business Analyst,Gurugram,Full-time,Large,1404000
33,Master's,0,Product Analyst,Chennai,Contract,Large,999000
37,PhD,1,Project Manager,Ahmedabad,Full-time,Small,840000
53,Master's,22,Software Engineer,Mumbai,Full-time,Small,2315000
35,Bachelor's,11,Web Developer,Delhi,Contract,Large,1653000
45,PhD,15,Database Administrator,Ahmedabad,Contract,Small,1255000
23,Bachelor's,1,Database Administrator,Delhi,Contract,Startup,690000
38,Master's,14,Web Developer,Kolkata,Full-time,Large,1437000
55,Bachelor's,27,Software Engineer,,Full-time,Large,2723000
43,Bachelor's,15,,Gurugram,Full-time,Startup,1747000
39,Bachelor's,6,Product Analyst,Gurugram,Full-time,Medium,1061000
27,Master's,4,Product Analyst,Kolkata,Full-time,Small,671000
25,Bachelor's,4,DevOps Engineer,Noida,Full-time,Medium,1173000
32,Bachelor's,10,DevOps Engineer,Bengaluru,Full-time,Medium,1553000
55,Master's,5,ML Engineer,Gurugram,Full-time,Large,1806000
29,Master's,3,Product Analyst,Bengaluru,Full-time,Medium,1058000
38,Bachelor's,14,Data Analyst,Mumbai,Full-time,Medium,1616000
23,Bachelor's,1,Data Scientist,Gurugram,Full-time,Medium,1107000
24,Master's,0,Business Analyst,Mumbai,Full-time,Startup,667000
35,Master's,1,Project Manager,Mumbai,Full-time,Startup,1019000
36,Bachelor's,8,Project Manager,Kolkata,Full-time,Startup,1280000
45,Bachelor's,3,Data Analyst,Mumbai,Full-time,Startup,746000
52,Bachelor's,6,ML Engineer,Pune,Contract,Large,1630000
53,Bachelor's,28,Database Administrator,Chennai,Full-time,Medium,2480000
45,Master's,7,Software Engineer,Ahmedabad,Part-time,Large,581000
25,Bachelor's,1,Project Manager,Hyderabad,Full-time,Large,1393000
34,Bachelor's,9,Business Analyst,Gurugram,Full-time,Large,1338000
39,Bachelor's,6,Software Engineer,Chennai,Full-time,Startup,896000
24,Bachelor's,0,Database Administrator,Ahmedabad,Full-time,Large,636000
23,Master's,2,DevOps Engineer,Ahmedabad,Full-time,Startup,942000
38,Master's,12,Software Engineer,Delhi,Full-time,Startup,1587000
31,PhD,6,Product Analyst,Hyderabad,Contract,Small,1202000
43,Bachelor's,13,Data Scientist,Bengaluru,Full-time,Medium,1691000
21,Master's,0,Business Analyst,Ahmedabad,Full-time,Small,710000
29,Bachelor's,2,Project Manager,Pune,Full-time,Medium,1186000
53,Bachelor's,32,Project Manager,Mumbai,Full-time,Medium,3760000
39,Master's,6,Data Analyst,Gurugram,Full-time,Small,1025000
52,Bachelor's,7,Data Analyst,Mumbai,Full-time,Large,1190000
38,Master's,7,DevOps Engineer,Chennai,Full-time,Startup,1119000
49,Bachelor's,12,Software Engineer,Bengaluru,Full-time,Large,1864000
31,Master's,7,Data Analyst,Hyderabad,Full-time,Small,1136000
26,Bachelor's,4,Product Analyst,Chennai,Full-time,Large,1097000
37,Bachelor's,12,Project Manager,Hyderabad,Full-time,Startup,1466000
43,Master's,3,Product Analyst,Kolkata,Full-time,Medium,863000
34,Bachelor's,0,Product Analyst,Delhi,Full-time,Startup,588000
55,Master's,5,Project Manager,Ahmedabad,Full-time,Medium,1193000
35,Bachelor's,9,DevOps Engineer,,Contract,Small,1197000
24,Master's,1,Data Scientist,Chennai,Full-time,Medium,1050000
37,Bachelor's,16,Software Engineer,Kolkata,Contract,Startup,1352000
32,Master's,3,Project Manager,Chennai,Part-time,Startup,723000
27,PhD,0,Web Developer,Gurugram,Contract,Small,734000
27,Bachelor's,3,ML Engineer,Pune,Full-time,Medium,1272000
55,Master's,34,Web Developer,Bengaluru,Full-time,Medium,3166000
37,Master's,11,ML Engineer,Ahmedabad,Full-time,Small,1559000
38,,10,Database Administrator,Chennai,Full-time,Startup,993000
39,Bachelor's,10,Software Engineer,Bengaluru,Part-time,Medium,1075000
42,Bachelor's,5,Business Analyst,Kolkata,Full-time,Small,826000
29,Master's,2,Web Developer,Ahmedabad,Contract,Large,695000
28,Bachelor's,6,Data Scientist,Noida,Full-time,Small,1357000
45,PhD,23,DevOps Engineer,Pune,Contract,Small,2571000
43,Master's,10,Data Scientist,Bengaluru,Full-time,Medium,1999000
32,Master's,6,Web Developer,Noida,Full-time,Medium,1066000
21,Bachelor's,0,DevOps Engineer,Hyderabad,Full-time,Medium,856000
33,Master's,6,Data Scientist,Noida,Full-time,Startup,1280000
30,Bachelor's,0,Software Engineer,Hyderabad,Full-time,Startup,713000
42,Bachelor's,17,DevOps Engineer,Gurugram,Full-time,Large,2616000
38,Bachelor's,7,Web Developer,Chennai,Full-time,Large,1122000
54,Master's,28,Data Scientist,Bengaluru,Full-time,Small,2708000
26,Bachelor's,5,Software Engineer,Pune,Full-time,Medium,952000
40,Master's,15,DevOps Engineer,Bengaluru,Full-time,Medium,2481000
36,Master's,14,Project Manager,Chennai,Full-time,Small,2034000
32,Master's,11,Product Analyst,Chennai,Part-time,Large,1015000
55,PhD,30,ML Engineer,Mumbai,Full-time,Large,4233000
50,Master's,25,Data Analyst,Chennai,Full-time,Small,1799000
27,Bachelor's,4,DevOps Engineer,Kolkata,Contract,Large,1107000
23,Master's,1,Web Developer,Noida,Full-time,Large,849000
24,,0,Software Engineer,Bengaluru,Full-time,Startup,607000
38,Master's,7,Database Administrator,Pune,Full-time,Small,1051000
42,Bachelor's,18,Database Administrator,Kolkata,Full-time,Medium,1470000
41,Master's,11,Data Scientist,Delhi,Full-time,Startup,1928000
51,Master's,10,Database Administrator,Pune,Full-time,Small,1217000
23,Bachelor's,1,ML Engineer,Chennai,Part-time,Large,725000
51,Bachelor's,11,Data Analyst,Mumbai,Full-time,Medium,1597000
42,Master's,7,ML Engineer,Hyderabad,Part-time,Small,850000
42,Master's,13,Data Scientist,Gurugram,Full-time,Large,2393000
54,PhD,1,Business Analyst,Bengaluru,Full-time,Startup,896000
53,Bachelor's,24,DevOps Engineer,Mumbai,Contract,Medium,2375000
39,Bachelor's,8,Database Administrator,Ahmedabad,Contract,Medium,998000
41,Bachelor's,0,Database Administrator,Mumbai,Full-time,Large,1026000
39,Master's,16,Database Administrator,Bengaluru,Full-time,Startup,1596000
53,Bachelor's,10,Business Analyst,Pune,Full-time,Medium,1240000
42,Bachelor's,8,Project Manager,Pune,Full-time,Small,1616000
27,Bachelor's,0,Software Engineer,Bengaluru,Full-time,Startup,449000
27,Bachelor's,5,Project Manager,Hyderabad,Full-time,Medium,1576000
24,Bachelor's,3,Database Administrator,Ahmedabad,Full-time,Small,788000
43,Bachelor's,5,DevOps Engineer,Mumbai,Contract,Large,1403000
38,Master's,11,Database Administrator,Gurugram,Full-time,Small,1611000
24,Master's,0,Project Manager,Gurugram,Full-time,Startup,1011000
34,Master's,10,Business Analyst,Delhi,Contract,Startup,1174000
49,Bachelor's,5,Web Developer,Gurugram,Contract,Medium,860000
51,Master's,16,ML Engineer,Delhi,Part-time,Medium,1301000
31,Master's,1,Web Developer,Pune,Contract,Small,636000
49,Bachelor's,2,Data Scientist,Hyderabad,Full-time,Small,1138000
52,Master's,5,ML Engineer,Gurugram,Full-time,Medium,1540000
48,Master's,13,Business Analyst,Ahmedabad,Full-time,Small,1252000
28,Master's,4,Product Analyst,Mumbai,Full-time,Medium,1194000
34,Master's,10,DevOps Engineer,Ahmedabad,Full-time,Large,1713000
26,Bachelor's,1,Software Engineer,Pune,Full-time,Small,680000
36,Bachelor's,12,Data Analyst,Pune,Full-time,Large,1634000
21,Bachelor's,0,Product Analyst,Noida,Full-time,Startup,571000
32,Master's,2,Business Analyst,Gurugram,Full-time,Small,772000
52,PhD,7,Product Analyst,Kolkata,Full-time,Large,1222000
46,Bachelor's,11,DevOps Engineer,Ahmedabad,Full-time,Startup,1525000
52,Bachelor's,10,ML Engineer,Mumbai,Full-time,Startup,1654000
49,Bachelor's,19,Product Analyst,Noida,Contract,Large,2438000
52,,20,Data Analyst,Kolkata,Full-time,Startup,1279000
36,PhD,4,Web Developer,Gurugram,Contract,Large,1255000
29,Bachelor's,7,Web Developer,Delhi,Full-time,Large,1101000
37,PhD,4,Data Scientist,Hyderabad,Full-time,Large,1756000
30,Master's,6,Database Administrator,Kolkata,Full-time,Startup,802000
53,Master's,11,Product Analyst,Bengaluru,Full-time,Large,2118000
33,Master's,11,ML Engineer,Noida,Contract,Small,1725000
25,PhD,2,Data Analyst,Gurugram,Full-time,Small,904000
42,Master's,15,Project Manager,Chennai,Full-time,Large,2291000
48,Bachelor's,3,Business Analyst,Delhi,Contract,Startup,775000
46,Master's,21,Business Analyst,Bengaluru,Full-time,Medium,2827000
50,Bachelor's,29,Product Analyst,Chennai,Full-time,Small,2059000
37,Bachelor's,15,Business Analyst,Hyderabad,Full-time,Large,1854000
41,Master's,8,Data Scientist,Delhi,Full-time,Startup,1319000
48,Bachelor's,16,Project Manager,Mumbai,Full-time,Medium,1991000
39,Bachelor's,7,Product Analyst,Kolkata,Full-time,Large,1217000
49,Bachelor's,19,Product Analyst,Gurugram,Full-time,Small,1709000
27,PhD,3,Database Administrator,Gurugram,Full-time,Large,1372000
36,Bachelor's,11,Data Analyst,,Full-time,Startup,1184000
53,Bachelor's,3,Business Analyst,Pune,Full-time,Large,999000
49,Bachelor's,22,Software Engineer,Mumbai,Full-time,Small,2332000
27,Bachelor's,6,Business Analyst,Ahmedabad,Full-time,Startup,907000
42,Bachelor's,13,Project Manager,Chennai,Contract,Large,2250000
35,PhD,0,Project Manager,Pune,Part-time,Startup,539000
33,Bachelor's,11,Database Administrator,Pune,Contract,Small,1360000
39,Master's,5,Data Analyst,Gurugram,Full-time,Large,1327000
25,Bachelor's,4,Data Scientist,Mumbai,Full-time,Large,1528000
28,Bachelor's,7,Data Analyst,Ahmedabad,Full-time,Startup,835000
43,Bachelor's,21,Web Developer,Bengaluru,Contract,Startup,1652000
45,Bachelor's,0,Software Engineer,Bengaluru,Full-time,Medium,892000
32,Master's,9,DevOps Engineer,Delhi,Full-time,Medium,1535000
23,Bachelor's,2,Database Administrator,Bengaluru,Full-time,Startup,741000
26,Bachelor's,3,DevOps Engineer,Bengaluru,Full-time,Large,1407000
49,PhD,0,Data Analyst,Delhi,Full-time,Small,839000
24,Bachelor's,3,Business Analyst,Kolkata,Full-time,Medium,811000
28,Bachelor's,0,Software Engineer,Kolkata,Full-time,Medium,654000
37,Master's,9,Project Manager,Chennai,Full-time,Startup,1454000
41,Master's,18,Web Developer,Gurugram,Full-time,Startup,1634000
22,Bachelor's,0,Project Manager,Chennai,Full-time,Medium,1049000
53,Bachelor's,9,Software Engineer,Bengaluru,Full-time,Medium,1400000
36,PhD,13,ML Engineer,Pune,Full-time,Large,2337000
28,Bachelor's,7,Web Developer,Hyderabad,Full-time,Startup,968000
38,Bachelor's,2,Product Analyst,Mumbai,Full-time,Medium,1090000
42,Bachelor's,14,Database Administrator,Chennai,Full-time,Large,2105000
22,Bachelor's,1,Web Developer,Bengaluru,Full-time,Large,814000
49,Master's,4,Business Analyst,Kolkata,Full-time,Medium,809000
24,Master's,1,Software Engineer,Pune,Full-time,Medium,840000
28,Master's,5,DevOps Engineer,Chennai,Full-time,Startup,1010000
52,Bachelor's,10,Data Analyst,Hyderabad,Full-time,Startup,1256000
37,Bachelor's,4,Data Analyst,Ahmedabad,Full-time,Medium,710000
46,Bachelor's,18,Software Engineer,Bengaluru,Full-time,Small,1953000
33,Bachelor's,1,Data Scientist,Chennai,Full-time,Startup,633000
51,Bachelor's,3,ML Engineer,Noida,Contract,Startup,1056000
52,Bachelor's,23,Data Scientist,Noida,Full-time,Startup,2419000
38,Master's,6,Data Scientist,Mumbai,Full-time,Small,1404000
50,Master's,23,Web Developer,Noida,Full-time,Medium,2139000
51,Bachelor's,28,Database Administrator,Kolkata,Part-time,Startup,1139000
46,Master's,20,DevOps Engineer,Ahmedabad,Full-time,Startup,1639000
29,PhD,8,DevOps Engineer,Pune,Full-time,Small,1685000
40,Bachelor's,7,Product Analyst,Kolkata,Contract,Large,1176000
54,Bachelor's,5,ML Engineer,Mumbai,Contract,Small,1276000
53,Master's,28,Data Analyst,Hyderabad,Contract,Startup,2426000
23,Bachelor's,2,Web Developer,Pune,Contract,Large,787000
40,PhD,2,Project Manager,Hyderabad,Full-time,Medium,1485000
51,Bachelor's,3,Product Analyst,Mumbai,Contract,Large,1278000
21,,0,ML Engineer,Kolkata,Part-time,Small,246000
24,Master's,0,Web Developer,Pune,Contract,Startup,414000
21,Master's,0,Web Developer,Mumbai,Full-time,Small,673000
38,Bachelor's,1,Software Engineer,Chennai,Full-time,Startup,730000
45,Master's,6,Product Analyst,Bengaluru,Full-time,Large,1581000
48,Bachelor's,6,Database Administrator,Hyderabad,Full-time,Startup,1229000
22,Master's,1,Database Administrator,Gurugram,Full-time,Startup,931000
55,Bachelor's,22,Product Analyst,Mumbai,Contract,Small,2200000
21,Bachelor's,0,Project Manager,Ahmedabad,Contract,Small,613000
53,Bachelor's,22,ML Engineer,Gurugram,Full-time,Medium,3080000
26,Bachelor's,4,Database Administrator,Gurugram,Full-time,Medium,1169000
35,Bachelor's,4,Database Administrator,Bengaluru,Contract,Medium,1114000
48,Master's,24,Database Administrator,Delhi,Full-time,Startup,2033000
41,Bachelor's,0,Business Analyst,Gurugram,Contract,Large,853000
23,Bachelor's,1,Data Scientist,Bengaluru,Full-time,Large,1226000
53,Master's,6,Project Manager,Delhi,Full-time,Medium,1803000
39,Bachelor's,2,Web Developer,Delhi,Full-time,Small,528000
39,Bachelor's,16,ML Engineer,Pune,Full-time,Startup,1717000
34,Bachelor's,0,Project Manager,Noida,Full-time,Large,1170000
36,Bachelor's,15,Data Scientist,Gurugram,Contract,Medium,2264000
54,PhD,28,Web Developer,Hyderabad,Full-time,Large,3146000
53,Master's,5,Data Analyst,Kolkata,Full-time,Startup,921000
43,Master's,14,Product Analyst,Noida,Full-time,Medium,2055000
30,Master's,9,Product Analyst,Delhi,Full-time,Large,1778000
32,Bachelor's,1,Data Analyst,Kolkata,Full-time,Startup,375000
29,Bachelor's,7,DevOps Engineer,Chennai,Full-time,Medium,1371000
28,Bachelor's,6,Business Analyst,Bengaluru,Full-time,Startup,1139000
50,Bachelor's,9,DevOps Engineer,Hyderabad,Full-time,Medium,1757000
32,Master's,10,DevOps Engineer,Ahmedabad,Full-time,Medium,1344000
29,PhD,8,Data Scientist,Mumbai,Contract,Medium,1808000
39,Bachelor's,5,Database Administrator,Pune,Full-time,Small,1119000
25,Bachelor's,1,Web Developer,Noida,Full-time,Medium,614000
33,Bachelor's,0,Software Engineer,Ahmedabad,Full-time,Large,815000
24,PhD,0,Business Analyst,Delhi,Full-time,Startup,719000
23,PhD,0,Project Manager,Noida,Full-time,Large,1448000
54,Bachelor's,23,DevOps Engineer,Chennai,Full-time,Large,2903000
45,Bachelor's,12,Web Developer,Bengaluru,Full-time,Small,1243000
43,Master's,11,Data Scientist,Kolkata,Full-time,Medium,1516000
22,Master's,1,Product Analyst,Chennai,Part-time,Medium,427000
28,Bachelor's,7,Database Administrator,Noida,Part-time,Medium,691000
47,Bachelor's,4,Product Analyst,Chennai,Full-time,Small,943000
55,Bachelor's,34,Web Developer,Ahmedabad,Contract,Large,2032000
39,Bachelor's,4,Web Developer,Delhi,Full-time,Small,598000
48,Master's,15,Data Analyst,Bengaluru,Contract,Large,2193000
55,Bachelor's,0,DevOps Engineer,Noida,Full-time,Medium,878000
25,Master's,3,Software Engineer,Gurugram,Full-time,Startup,1117000
40,Bachelor's,15,Product Analyst,Noida,Full-time,Medium,1734000
37,Master's,8,DevOps Engineer,Noida,Full-time,Medium,1788000
39,Master's,10,ML Engineer,Chennai,Full-time,Startup,1644000
37,Bachelor's,2,DevOps Engineer,Delhi,Full-time,Medium,1101000
41,Bachelor's,18,Software Engineer,Ahmedabad,Full-time,Startup,1279000
21,PhD,0,Project Manager,Chennai,Full-time,Large,1421000
37,Bachelor's,1,Product Analyst,Hyderabad,Full-time,Medium,1004000
27,Master's,6,Data Scientist,Gurugram,Full-time,Startup,1305000
35,Bachelor's,4,Data Analyst,Hyderabad,Full-time,Small,610000
35,Master's,13,Business Analyst,Kolkata,Full-time,Startup,1192000
28,PhD,2,Database Administrator,Chennai,Part-time,Medium,583000
36,Bachelor's,6,Product Analyst,Gurugram,Full-time,Medium,1449000
25,Bachelor's,4,Project Manager,Noida,Full-time,Startup,1074000
50,Bachelor's,23,Data Scientist,Ahmedabad,Full-time,Medium,2305000
54,Master's,9,Database Administrator,Noida,Contract,Small,1216000
43,Bachelor's,7,Database Administrator,Pune,Contract,Medium,1176000
40,Bachelor's,16,Project Manager,Delhi,Full-time,Small,1808000
32,Master's,11,Database Administrator,Delhi,Full-time,Startup,1430000
53,Master's,21,Project Manager,Bengaluru,Full-time,Startup,2202000
54,Master's,23,Project Manager,Noida,Full-time,Small,2174000
24,Bachelor's,1,Business Analyst,Gurugram,Full-time,Large,910000
37,Master's,12,Data Scientist,Pune,Full-time,Medium,1845000
23,Bachelor's,1,Software Engineer,Bengaluru,Full-time,Medium,788000
22,Bachelor's,0,Web Developer,Hyderabad,Full-time,Large,623000
30,PhD,2,DevOps Engineer,Bengaluru,Full-time,Startup,1190000
25,Bachelor's,1,Project Manager,Delhi,Full-time,Large,1077000
49,Bachelor's,13,Data Analyst,Bengaluru,Contract,Startup,1314000
34,Master's,4,Business Analyst,Gurugram,Full-time,Startup,887000
46,Bachelor's,17,Data Analyst,Pune,Full-time,Startup,1683000
38,Bachelor's,6,Software Engineer,Hyderabad,Contract,Large,1172000
27,Master's,4,Project Manager,Gurugram,Full-time,Small,1312000
49,Bachelor's,4,Database Administrator,Ahmedabad,Full-time,Large,883000
46,Bachelor's,2,Software Engineer,Hyderabad,Full-time,Startup,581000
48,Master's,15,Business Analyst,Chennai,Full-time,Small,1685000
33,PhD,4,Business Analyst,Bengaluru,Full-time,Large,1279000
22,Bachelor's,1,Database Administrator,Ahmedabad,Full-time,Small,572000
43,Bachelor's,0,Project Manager,Hyderabad,Full-time,Small,808000
43,Master's,9,Project Manager,Mumbai,Contract,Startup,1583000
33,PhD,5,Project Manager,Mumbai,Full-time,Medium,1843000
41,Master's,17,Product Analyst,Ahmedabad,Full-time,Medium,1804000
23,Bachelor's,2,Data Analyst,Mumbai,Part-time,Startup,401000
42,Bachelor's,9,Software Engineer,Chennai,Full-time,Small,1339000
37,PhD,13,Project Manager,Noida,Full-time,Small,1849000
26,Master's,0,Data Analyst,Delhi,Full-time,Startup,635000
48,Bachelor's,15,Web Developer,Noida,Full-time,Small,1135000
49,Master's,3,Database Administrator,Noida,Full-time,Large,1307000
34,Bachelor's,9,Data Analyst,Bengaluru,Full-time,Medium,1188000
45,Bachelor's,9,Software Engineer,Bengaluru,Contract,Large,1735000
54,Bachelor's,5,Project Manager,Chennai,Full-time,Medium,1485000
22,Master's,0,DevOps Engineer,Delhi,Full-time,Large,1149000
38,Master's,5,Product Analyst,Gurugram,Full-time,Small,1129000
47,Bachelor's,26,Data Scientist,Noida,Full-time,Startup,2345000
52,Bachelor's,9,DevOps Engineer,Chennai,Full-time,Startup,1042000
45,Master's,19,Web Developer,Mumbai,Full-time,Small,2270000
24,Master's,3,Project Manager,Bengaluru,Contract,Small,1323000
44,Bachelor's,12,Product Analyst,Noida,Full-time,Small,1387000
23,Bachelor's,1,Project Manager,Ahmedabad,Contract,Medium,766000
42,PhD,1,Data Scientist,Delhi,Full-time,Small,1043000
26,Bachelor's,4,DevOps Engineer,Kolkata,Full-time,Medium,968000
35,Bachelor's,9,Database Administrator,Hyderabad,Full-time,Small,1161000
28,Bachelor's,0,Database Administrator,Delhi,Full-time,Large,891000
37,Bachelor's,8,Data Scientist,,Full-time,Large,1711000
54,Bachelor's,7,Database Administrator,,Full-time,Startup,1021000
52,Master's,3,Software Engineer,Mumbai,Full-time,Startup,1103000
22,Bachelor's,0,Web Developer,Kolkata,Full-time,Medium,484000
55,Bachelor's,20,Project Manager,Gurugram,Contract,Startup,1707000
50,Master's,8,Business Analyst,Gurugram,Full-time,Small,1317000
42,PhD,12,Data Analyst,Ahmedabad,Contract,Startup,1125000
26,Bachelor's,0,Product Analyst,Pune,Full-time,Medium,791000
35,Bachelor's,8,Business Analyst,Mumbai,Full-time,Small,1287000
48,Bachelor's,26,,Bengaluru,Full-time,Startup,2825000
45,Bachelor's,4,Database Administrator,Chennai,Full-time,Medium,1103000
42,PhD,2,Business Analyst,Chennai,Full-time,Small,1059000
52,PhD,24,Project Manager,Delhi,Full-time,Startup,2645000
55,Master's,20,Project Manager,Hyderabad,Full-time,Large,3156000
31,Master's,3,Project Manager,Gurugram,Contract,Medium,1431000
24,Bachelor's,1,Database Administrator,Hyderabad,Full-time,Medium,799000
43,Master's,8,Data Scientist,Noida,Full-time,Startup,1542000
48,Bachelor's,18,Business Analyst,Gurugram,Full-time,Medium,1729000
46,Bachelor's,0,Web Developer,Kolkata,Part-time,Small,329000
41,Bachelor's,8,Database Administrator,Ahmedabad,Full-time,Large,1223000
42,Bachelor's,3,Business Analyst,Gurugram,Full-time,Startup,647000
38,Bachelor's,16,Web Developer,Pune,Full-time,Startup,1127000
42,PhD,2,DevOps Engineer,Pune,Full-time,Small,1194000
50,Bachelor's,11,Data Analyst,,Full-time,Large,1530000
55,Master's,32,DevOps Engineer,Chennai,Full-time,Small,2397000
25,PhD,1,Data Analyst,Ahmedabad,Full-time,Medium,721000
22,Bachelor's,1,Web Developer,Kolkata,Full-time,Medium,503000
49,Bachelor's,20,DevOps Engineer,Pune,Full-time,Large,2589000
42,Master's,13,Web Developer,Gurugram,Contract,Large,1646000
45,Master's,14,Product Analyst,Hyderabad,Full-time,Medium,1649000
21,PhD,0,Web Developer,Kolkata,Full-time,Large,692000
29,Bachelor's,2,Software Engineer,Kolkata,Full-time,Medium,747000
48,Bachelor's,12,Product Analyst,Ahmedabad,Full-time,Large,1275000
30,Master's,9,Business Analyst,Gurugram,Full-time,Startup,1250000
32,Bachelor's,2,Project Manager,Bengaluru,Full-time,Startup,1205000
50,Bachelor's,2,Business Analyst,Chennai,Full-time,Small,759000
31,Bachelor's,7,Data Scientist,Noida,Full-time,Small,1235000
23,Bachelor's,0,Product Analyst,Delhi,Full-time,Large,860000
49,Bachelor's,19,Data Analyst,Pune,Full-time,Startup,1423000
44,PhD,16,Data Scientist,Mumbai,Full-time,Small,2537000
38,Master's,10,Business Analyst,Mumbai,Full-time,Small,1408000
53,Bachelor's,17,Data Scientist,Noida,Full-time,Medium,2311000
42,Bachelor's,0,ML Engineer,Gurugram,Contract,Large,1411000
36,PhD,5,Product Analyst,Pune,Full-time,Small,1194000
37,Bachelor's,9,ML Engineer,Noida,Full-time,Small,1364000
50,Bachelor's,19,Product Analyst,Kolkata,Full-time,Small,1510000
47,Master's,24,ML Engineer,Mumbai,Full-time,Startup,2636000
54,Master's,12,Product Analyst,Delhi,Full-time,Medium,1882000
42,Bachelor's,2,Project Manager,Bengaluru,Contract,Medium,1346000
30,Master's,4,Software Engineer,Hyderabad,Contract,Startup,928000
26,Master's,0,Web Developer,Mumbai,Full-time,Medium,662000
53,Bachelor's,22,Project Manager,Delhi,Part-time,Startup,1342000
37,PhD,6,Product Analyst,Noida,Contract,Medium,1135000
36,Bachelor's,12,Product Analyst,Pune,Full-time,Large,1641000
23,Bachelor's,2,Project Manager,Kolkata,Full-time,Medium,927000
37,Bachelor's,14,Web Developer,Pune,Contract,Startup,1300000
47,Master's,24,Business Analyst,Delhi,Full-time,Medium,2906000
36,Bachelor's,0,DevOps Engineer,Mumbai,Contract,Medium,1001000
24,Bachelor's,2,Data Scientist,Chennai,Full-time,Large,1160000
22,Master's,1,Project Manager,Bengaluru,Full-time,Large,1463000
36,Bachelor's,15,Data Analyst,Hyderabad,Full-time,Startup,1581000
27,Bachelor's,1,Web Developer,Bengaluru,Full-time,Small,618000
55,Bachelor's,7,Project Manager,Kolkata,Full-time,Large,1301000
23,Bachelor's,0,Data Scientist,Bengaluru,Full-time,Small,893000
36,Bachelor's,7,Data Analyst,Pune,Full-time,Large,1132000
52,Master's,15,Web Developer,Hyderabad,Full-time,Medium,1812000
49,Master's,4,Database Administrator,Hyderabad,Full-time,Small,1054000
37,,4,Product Analyst,Hyderabad,Full-time,Large,1128000
24,Bachelor's,2,Database Administrator,,Contract,Startup,785000
30,Master's,6,ML Engineer,Gurugram,Full-time,Large,1900000
52,PhD,5,Business Analyst,Bengaluru,Full-time,Large,1554000
39,Bachelor's,1,Data Scientist,Kolkata,Full-time,Medium,971000
39,Bachelor's,9,Web Developer,Kolkata,Full-time,Small,425000
26,Master's,4,Data Scientist,Bengaluru,Part-time,Medium,687000
44,Bachelor's,9,ML Engineer,Ahmedabad,Full-time,Startup,1404000
21,Master's,0,Web Developer,Kolkata,Part-time,Small,307000
28,PhD,1,Web Developer,Ahmedabad,Contract,Small,623000
34,Bachelor's,0,Business Analyst,Gurugram,Full-time,Medium,635000
28,Bachelor's,3,Web Developer,Pune,Contract,Small,720000
29,Master's,2,Business Analyst,Kolkata,Contract,Large,898000
25,Master's,1,ML Engineer,Gurugram,Contract,Medium,1276000
45,Bachelor's,1,ML Engineer,Kolkata,Full-time,Medium,809000
26,Bachelor's,0,Data Analyst,Hyderabad,Full-time,Medium,513000
39,Master's,6,Data Analyst,Chennai,Contract,Large,1042000
35,Bachelor's,0,ML Engineer,Noida,Full-time,Medium,992000
43,Bachelor's,6,Business Analyst,Ahmedabad,Full-time,Small,733000
28,Master's,6,ML Engineer,Delhi,Contract,Startup,1200000
45,PhD,16,Data Scientist,Mumbai,Contract,Medium,2219000
52,Bachelor's,26,Product Analyst,Hyderabad,Contract,Large,2509000
43,Bachelor's,22,Software Engineer,Ahmedabad,Full-time,Medium,2206000
44,Bachelor's,2,,Bengaluru,Full-time,Medium,1069000
22,Master's,0,Business Analyst,Noida,Part-time,Small,270000
45,Bachelor's,0,Database Administrator,Mumbai,Full-time,Large,939000
35,Master's,0,Data Scientist,Noida,Full-time,Startup,1107000
24,Master's,2,Data Scientist,Ahmedabad,Contract,Medium,1051000
39,Bachelor's,18,Project Manager,Hyderabad,Contract,Startup,1862000
33,Bachelor's,6,Product Analyst,,Full-time,Large,1235000
54,Master's,6,Web Developer,Hyderabad,Full-time,Startup,924000
36,PhD,7,Web Developer,Hyderabad,Full-time,Large,1491000
32,Master's,3,Product Analyst,Mumbai,Contract,Small,1115000
34,Bachelor's,2,ML Engineer,Pune,Full-time,Medium,1344000
47,Master's,21,Data Analyst,Pune,Full-time,Startup,1843000
25,Bachelor's,4,DevOps Engineer,Ahmedabad,Contract,Small,901000
26,Master's,2,Database Administrator,Ahmedabad,Full-time,Startup,592000
24,Bachelor's,3,Software Engineer,Bengaluru,Contract,Medium,862000
48,Bachelor's,8,Database Administrator,Hyderabad,Full-time,Startup,1249000
30,Bachelor's,8,Database Administrator,Delhi,Contract,Small,1016000
49,Bachelor's,19,Data Scientist,Pune,Full-time,Small,1878000
30,Master's,3,Database Administrator,Pune,Full-time,Medium,1148000
48,Bachelor's,18,Data Analyst,Kolkata,Contract,Medium,1281000
49,Bachelor's,1,Database Administrator,Gurugram,Full-time,Small,691000
40,Bachelor's,15,Product Analyst,Pune,Full-time,Medium,1851000
29,Bachelor's,2,Product Analyst,Ahmedabad,Full-time,Small,503000
21,Bachelor's,0,Project Manager,Hyderabad,Full-time,Small,950000
40,Master's,15,DevOps Engineer,Noida,Full-time,Large,2739000
41,Master's,4,Project Manager,Chennai,Full-time,Small,1360000
48,Bachelor's,15,Data Scientist,Bengaluru,Full-time,Startup,1916000
39,Master's,1,DevOps Engineer,Delhi,Full-time,Medium,1200000
37,Master's,4,Data Scientist,Hyderabad,Contract,Large,1515000
47,,9,ML Engineer,Noida,Full-time,Startup,1574000
39,Bachelor's,18,Data Analyst,Kolkata,Contract,Large,1559000
26,Bachelor's,3,DevOps Engineer,Kolkata,Part-time,Startup,400000
44,Bachelor's,20,Web Developer,Noida,Full-time,Startup,1531000
48,Bachelor's,11,ML Engineer,Bengaluru,Full-time,Medium,2053000
21,Master's,0,Software Engineer,Noida,Full-time,Startup,734000
23,Bachelor's,2,,Delhi,Contract,Medium,987000
55,Master's,10,Data Analyst,Mumbai,Full-time,Large,1857000
36,Bachelor's,2,Project Manager,Noida,Full-time,Medium,1183000
50,Bachelor's,12,ML Engineer,Ahmedabad,Full-time,Small,1581000
42,Bachelor's,5,ML Engineer,Delhi,Full-time,Large,1555000
28,Master's,1,Data Analyst,Bengaluru,Contract,Medium,928000
23,Bachelor's,2,Project Manager,Pune,Part-time,Startup,599000
53,Bachelor's,1,ML Engineer,Kolkata,Full-time,Small,995000
40,Master's,13,ML Engineer,Gurugram,Part-time,Small,1096000
38,Master's,17,Business Analyst,Pune,Full-time,Large,2528000
33,Bachelor's,0,Product Analyst,Ahmedabad,Full-time,Startup,554000
30,Bachelor's,5,Business Analyst,Noida,Contract,Medium,1066000
38,Bachelor's,11,Project Manager,Chennai,Full-time,Startup,1718000
25,Bachelor's,1,DevOps Engineer,Noida,Full-time,Small,974000
43,Master's,15,DevOps Engineer,Delhi,Full-time,Startup,1637000
45,Master's,13,Data Scientist,Delhi,Contract,Small,1681000
29,Master's,2,Product Analyst,Noida,Full-time,Medium,1127000
37,Bachelor's,12,Product Analyst,Mumbai,Full-time,Large,1835000
50,Bachelor's,20,Data Scientist,Hyderabad,Full-time,Startup,2199000
21,Bachelor's,0,Software Engineer,Ahmedabad,Full-time,Large,618000
42,Bachelor's,17,ML Engineer,Delhi,Full-time,Medium,2074000
37,Master's,2,Data Analyst,Noida,Full-time,Startup,714000
42,Bachelor's,16,Data Scientist,Gurugram,Full-time,Large,2712000
43,Bachelor's,17,Data Scientist,Gurugram,Full-time,Startup,1728000
28,Bachelor's,4,Data Scientist,Noida,Full-time,Large,1480000
52,Master's,13,Data Analyst,Ahmedabad,Full-time,Large,1608000
22,Master's,0,Business Analyst,Hyderabad,Full-time,Medium,628000
46,PhD,13,Web Developer,Delhi,Full-time,Medium,1718000
38,Bachelor's,11,DevOps Engineer,Hyderabad,Contract,Medium,1651000
53,PhD,23,Web Developer,Bengaluru,Full-time,Large,2940000
29,Bachelor's,3,DevOps Engineer,Noida,Full-time,Startup,1197000
35,Master's,5,Product Analyst,Kolkata,Full-time,Startup,682000
23,Master's,0,Project Manager,Hyderabad,Full-time,Large,1408000
36,Master's,5,Database Administrator,Gurugram,Full-time,Startup,1159000
53,Master's,17,Data Scientist,Bengaluru,Full-time,Large,2429000
27,Master's,6,DevOps Engineer,Gurugram,Full-time,Startup,1276000
50,PhD,20,Business Analyst,Chennai,Contract,Medium,2201000
46,Bachelor's,17,Data Analyst,Noida,Full-time,Medium,2076000
37,Master's,16,Web Developer,Kolkata,Full-time,Medium,1729000
35,Bachelor's,8,Project Manager,Delhi,Full-time,Large,1835000
27,Bachelor's,1,Data Analyst,Ahmedabad,Full-time,Large,704000
40,Master's,16,,Mumbai,Contract,Medium,1887000
39,Bachelor's,3,Software Engineer,Pune,Full-time,Startup,893000
30,Master's,9,Software Engineer,Gurugram,Full-time,Large,1972000
27,Bachelor's,6,Project Manager,Bengaluru,Contract,Startup,1340000
53,Bachelor's,3,Web Developer,Mumbai,Contract,Large,792000
38,Bachelor's,17,Database Administrator,Kolkata,Full-time,Large,1889000
55,Bachelor's,26,Data Scientist,Bengaluru,Full-time,Startup,2603000
47,Master's,9,Data Analyst,Ahmedabad,Contract,Large,1167000
31,Master's,8,ML Engineer,Pune,Full-time,Startup,1352000
43,Bachelor's,15,Data Analyst,Ahmedabad,Full-time,Large,1459000
47,Bachelor's,15,Business Analyst,Hyderabad,Full-time,Startup,1577000
45,Master's,5,Software Engineer,Ahmedabad,Part-time,Startup,549000
38,Bachelor's,9,DevOps Engineer,Delhi,Part-time,Large,1005000
31,Bachelor's,8,Database Administrator,Ahmedabad,Full-time,Medium,883000
36,Bachelor's,15,Data Scientist,Hyderabad,Full-time,Small,1899000
52,Master's,14,Web Developer,Pune,Full-time,Large,2032000
48,Bachelor's,12,Database Administrator,Ahmedabad,Contract,Small,898000
44,Master's,7,Database Administrator,Pune,Full-time,Large,1518000
28,Master's,2,Business Analyst,Bengaluru,Full-time,Startup,960000
34,Bachelor's,3,Data Scientist,Mumbai,Full-time,Startup,1079000
48,Bachelor's,15,Product Analyst,Hyderabad,Contract,Medium,1860000
31,Bachelor's,0,Software Engineer,Chennai,Full-time,Small,629000
28,Bachelor's,5,Web Developer,Delhi,Contract,Medium,734000
25,Bachelor's,4,ML Engineer,,Full-time,Small,1289000
29,Master's,3,Data Scientist,Pune,Full-time,Startup,1212000
41,Master's,4,Data Scientist,Ahmedabad,Full-time,Large,1278000
51,Bachelor's,5,Data Analyst,Mumbai,Full-time,Startup,868000
32,Master's,7,Web Developer,Bengaluru,Full-time,Large,1406000
41,Master's,3,Project Manager,Chennai,Full-time,Small,1304000
47,Master's,9,Data Analyst,Ahmedabad,Full-time,Medium,958000
53,Master's,11,Software Engineer,Gurugram,Part-time,Small,821000
24,Bachelor's,0,Software Engineer,Chennai,Full-time,Medium,676000
55,Bachelor's,32,Web Developer,Bengaluru,Part-time,Small,1380000
33,Master's,9,Project Manager,Noida,Full-time,Startup,1588000
32,Bachelor's,1,Data Analyst,Delhi,Full-time,Large,562000
44,Master's,16,Software Engineer,Pune,Full-time,Large,2425000
44,Bachelor's,23,Database Administrator,Delhi,Full-time,Large,2308000
39,Bachelor's,18,Business Analyst,Chennai,Full-time,Medium,1726000
22,Bachelor's,0,Project Manager,Chennai,Full-time,Medium,1031000
51,Master's,30,Product Analyst,Delhi,Contract,Large,2942000
29,Master's,7,DevOps Engineer,Noida,Contract,Medium,1685000
30,Bachelor's,2,DevOps Engineer,Delhi,Full-time,Large,1091000
41,Bachelor's,0,Business Analyst,Delhi,Full-time,Medium,666000
29,Master's,1,Web Developer,Gurugram,Full-time,Large,876000
55,Bachelor's,18,Software Engineer,Noida,Full-time,Startup,1696000
46,Bachelor's,1,DevOps Engineer,Chennai,Contract,Medium,877000
50,Bachelor's,4,Software Engineer,Ahmedabad,Full-time,Medium,757000
37,Bachelor's,12,Data Analyst,Hyderabad,Full-time,Medium,1103000
36,Master's,3,Software Engineer,Mumbai,Full-time,Large,1289000
24,Bachelor's,1,Database Administrator,Ahmedabad,Part-time,Startup,296000
35,Master's,5,Data Scientist,Mumbai,Full-time,Startup,1337000
44,Bachelor's,23,Data Scientist,Noida,Full-time,Medium,2308000
45,Bachelor's,10,Software Engineer,Chennai,Full-time,Medium,1427000
25,Bachelor's,0,Data Analyst,Gurugram,Full-time,Startup,617000
43,Bachelor's,0,Business Analyst,Delhi,Full-time,Small,625000
49,Bachelor's,20,Software Engineer,Mumbai,Full-time,Large,2684000
45,Bachelor's,23,Data Scientist,Ahmedabad,Part-time,Medium,1435000
26,Master's,2,Web Developer,Gurugram,Full-time,Small,783000
42,Master's,6,Product Analyst,Gurugram,Full-time,Large,1560000
35,Bachelor's,3,Project Manager,,Full-time,Large,1453000
23,Bachelor's,0,ML Engineer,Ahmedabad,Full-time,Startup,858000
41,Bachelor's,15,Web Developer,Bengaluru,Part-time,Medium,996000
23,Master's,1,DevOps Engineer,Hyderabad,Full-time,Large,1080000
51,PhD,30,Web Developer,Chennai,Contract,Small,2571000
41,PhD,4,DevOps Engineer,Gurugram,Contract,Large,1646000
44,Bachelor's,18,DevOps Engineer,Chennai,Full-time,Medium,2061000
38,Bachelor's,4,DevOps Engineer,Bengaluru,Full-time,Startup,957000
47,Bachelor's,5,Project Manager,Kolkata,Full-time,Medium,1191000
38,Bachelor's,5,Web Developer,Kolkata,Full-time,Medium,922000
55,Bachelor's,0,DevOps Engineer,Noida,Full-time,Startup,814000
50,Bachelor's,5,DevOps Engineer,Delhi,Full-time,Small,1227000
36,Master's,11,Data Scientist,Gurugram,Contract,Small,1504000
51,Bachelor's,20,Software Engineer,Bengaluru,Contract,Medium,2197000
25,Master's,1,ML Engineer,Pune,Part-time,Small,717000
26,Master's,5,Project Manager,Ahmedabad,Full-time,Small,1221000
47,Bachelor's,14,Business Analyst,Bengaluru,Full-time,Medium,1695000
51,Master's,27,Software Engineer,Bengaluru,Full-time,Medium,3090000
39,Bachelor's,3,Data Scientist,Ahmedabad,Full-time,Small,927000
49,Bachelor's,8,Data Scientist,Pune,Full-time,Startup,1393000
28,Bachelor's,0,Database Administrator,Delhi,Full-time,Startup,709000
48,Bachelor's,24,Business Analyst,Gurugram,Full-time,Medium,2285000
49,Master's,15,ML Engineer,Bengaluru,Full-time,Medium,2244000
21,Master's,0,Data Analyst,Kolkata,Full-time,Large,747000
28,Bachelor's,6,Database Administrator,Pune,Full-time,Large,1303000
42,Bachelor's,11,Business Analyst,Ahmedabad,Full-time,Small,949000
31,Bachelor's,7,Product Analyst,Gurugram,Full-time,Startup,1142000
23,Bachelor's,2,Data Scientist,Kolkata,Full-time,Startup,753000
22,Bachelor's,1,Web Developer,Chennai,Part-time,Large,362000
37,Bachelor's,4,DevOps Engineer,Gurugram,Contract,Medium,1199000
42,Bachelor's,19,Project Manager,Ahmedabad,Full-time,Medium,2050000
46,Bachelor's,4,ML Engineer,Hyderabad,Full-time,Large,1497000
49,Master's,16,Project Manager,Hyderabad,Full-time,Medium,2386000
32,Bachelor's,2,DevOps Engineer,Bengaluru,Full-time,Large,1258000
49,Master's,12,Software Engineer,Kolkata,Full-time,Large,1602000
45,PhD,10,Data Scientist,Bengaluru,Full-time,Large,2349000
33,Bachelor's,8,DevOps Engineer,Mumbai,Full-time,Large,1882000
33,PhD,4,Database Administrator,Ahmedabad,Full-time,Startup,822000
23,PhD,2,Product Analyst,Bengaluru,Full-time,Medium,1188000
23,Bachelor's,1,Product Analyst,Delhi,Full-time,Large,712000
21,PhD,0,Project Manager,Chennai,Full-time,Small,1117000
54,Master's,5,Software Engineer,Chennai,Full-time,Medium,1085000
22,Bachelor's,1,Database Administrator,Pune,Full-time,Large,867000
25,Master's,3,Project Manager,Kolkata,Full-time,Startup,907000
51,Master's,18,Product Analyst,Pune,Full-time,Startup,2063000
54,Bachelor's,10,Software Engineer,Mumbai,Full-time,Startup,1220000
42,Bachelor's,7,Data Analyst,Kolkata,Full-time,Large,1220000
41,Bachelor's,12,Project Manager,Pune,Full-time,Startup,1654000
39,Bachelor's,10,Product Analyst,Pune,Contract,Medium,1139000
41,PhD,17,Database Administrator,Kolkata,Full-time,Large,2440000
24,Bachelor's,1,Database Administrator,Delhi,Full-time,Medium,947000
39,PhD,6,Product Analyst,Mumbai,Contract,Startup,1224000
32,PhD,4,Data Analyst,Pune,Full-time,Medium,1130000
34,Bachelor's,11,DevOps Engineer,Noida,Full-time,Medium,1737000
40,Bachelor's,13,Database Administrator,Pune,Full-time,Medium,1854000
24,Bachelor's,3,Product Analyst,Delhi,Full-time,Startup,857000
47,Master's,19,Data Scientist,Mumbai,Full-time,Medium,2824000
53,Bachelor's,21,Data Scientist,Mumbai,Full-time,Medium,2361000
34,Master's,1,Software Engineer,Hyderabad,Full-time,Medium,1005000
27,Bachelor's,5,DevOps Engineer,Mumbai,Full-time,Large,1340000
23,PhD,0,Web Developer,Hyderabad,Part-time,Startup,571000
36,Master's,15,Web Developer,Mumbai,Full-time,Large,2230000
54,Master's,16,Project Manager,Mumbai,Full-time,Medium,2422000
33,Master's,8,Data Analyst,Bengaluru,Full-time,Large,1700000
39,Master's,11,Business Analyst,Chennai,Full-time,Small,1377000
23,PhD,2,Database Administrator,Hyderabad,Full-time,Small,940000
24,Bachelor's,0,Business Analyst,Gurugram,Contract,Startup,580000
32,PhD,10,Data Analyst,Mumbai,Full-time,Large,2021000
42,Master's,1,ML Engineer,Kolkata,Part-time,Medium,593000
28,PhD,6,Product Analyst,Noida,Contract,Small,1052000
34,Master's,2,Product Analyst,Gurugram,Full-time,Startup,784000
38,Master's,3,Data Analyst,Gurugram,Full-time,Startup,757000
49,Master's,2,Business Analyst,Chennai,Contract,Large,897000
52,PhD,2,Web Developer,Hyderabad,Full-time,Startup,919000
37,Bachelor's,5,ML Engineer,Delhi,Full-time,Large,1686000
21,Master's,0,Data Scientist,Noida,Full-time,Startup,880000
21,Master's,0,DevOps Engineer,Chennai,Full-time,Medium,1053000
27,Bachelor's,0,Web Developer,Noida,Full-time,Medium,504000
53,Bachelor's,25,ML Engineer,Kolkata,Contract,Startup,2207000
54,Master's,20,Software Engineer,Chennai,Full-time,Startup,1885000
28,Master's,6,Data Scientist,Hyderabad,Full-time,Startup,1177000
50,Master's,24,Web Developer,Hyderabad,Full-time,Medium,2328000
54,Master's,33,Web Developer,Pune,Full-time,Small,2766000
23,Bachelor's,1,Project Manager,Chennai,Full-time,Startup,843000
35,Bachelor's,8,Data Analyst,Noida,Full-time,Medium,1141000
44,Bachelor's,12,Software Engineer,Hyderabad,Full-time,Large,1779000
51,Master's,16,,Delhi,Contract,Medium,2411000
34,Master's,12,DevOps Engineer,Gurugram,Contract,Startup,1685000
31,Master's,10,DevOps Engineer,Bengaluru,Full-time,Startup,1494000
32,Bachelor's,10,Web Developer,,Full-time,Medium,1142000
30,Bachelor's,9,DevOps Engineer,Noida,Contract,Large,1458000
42,Master's,2,Data Analyst,Mumbai,Full-time,Large,950000
42,Bachelor's,8,Software Engineer,Gurugram,Full-time,Medium,1113000
49,Master's,13,Product Analyst,Bengaluru,Contract,Medium,1810000
45,Bachelor's,20,Software Engineer,Bengaluru,Full-time,Startup,1768000
31,Bachelor's,7,ML Engineer,Kolkata,Full-time,Large,1585000
53,Master's,14,Business Analyst,Chennai,Part-time,Small,746000
40,Bachelor's,11,Data Analyst,Delhi,Full-time,Small,1253000
39,Bachelor's,7,Data Analyst,Bengaluru,Full-time,Medium,1121000
29,Master's,2,Data Analyst,Hyderabad,Full-time,Startup,734000
27,Master's,1,Data Analyst,Mumbai,Full-time,Large,1039000
30,Bachelor's,9,Database Administrator,Ahmedabad,Full-time,Small,1146000
43,Bachelor's,13,Data Analyst,Bengaluru,Full-time,Small,1765000
24,Bachelor's,2,ML Engineer,Ahmedabad,Full-time,Startup,917000
47,Master's,25,DevOps Engineer,Chennai,Full-time,Large,3238000
29,Bachelor's,5,ML Engineer,Ahmedabad,Full-time,Startup,1042000
36,Master's,15,Software Engineer,Noida,Contract,Large,2212000
22,Master's,0,Database Administrator,Pune,Full-time,Large,1036000
43,PhD,1,DevOps Engineer,Delhi,Full-time,Startup,1237000
46,Master's,17,Business Analyst,Gurugram,Full-time,Medium,1779000
34,Master's,10,Web Developer,Bengaluru,Full-time,Startup,1305000
47,Bachelor's,2,Project Manager,Gurugram,Contract,Medium,1199000
22,Bachelor's,0,Web Developer,Kolkata,Full-time,Startup,235000
27,Bachelor's,6,Data Analyst,Mumbai,Full-time,Large,1067000
31,Bachelor's,7,Data Analyst,Chennai,Full-time,Large,999000
28,Bachelor's,7,ML Engineer,Noida,Full-time,Large,1743000
25,Bachelor's,1,Data Analyst,Gurugram,Full-time,Startup,572000
24,Bachelor's,0,DevOps Engineer,Ahmedabad,Part-time,Startup,201000
31,Master's,10,DevOps Engineer,Noida,Full-time,Medium,1688000
53,Bachelor's,28,Data Scientist,Pune,Full-time,Medium,2487000
34,Bachelor's,4,ML Engineer,Mumbai,Full-time,Large,1642000
21,Master's,0,Software Engineer,Chennai,Full-time,Large,899000
24,Bachelor's,1,Data Analyst,Delhi,Full-time,Small,617000
28,Bachelor's,6,Software Engineer,Ahmedabad,Full-time,Large,1142000
52,PhD,31,Data Analyst,Ahmedabad,Contract,Medium,2621000
24,Master's,3,Data Scientist,,Full-time,Startup,1305000
39,Bachelor's,14,Web Developer,Hyderabad,Full-time,Medium,1337000
31,Bachelor's,5,Data Analyst,Delhi,Part-time,Medium,599000
51,Bachelor's,1,Product Analyst,Mumbai,Full-time,Medium,638000
39,Master's,13,Software Engineer,Hyderabad,Contract,Medium,1914000
39,Master's,7,DevOps Engineer,Hyderabad,Full-time,Small,1423000
47,Bachelor's,4,Database Administrator,Delhi,Full-time,Large,1198000
35,Bachelor's,12,Business Analyst,Ahmedabad,Full-time,Small,1287000
35,Bachelor's,12,Data Analyst,Gurugram,Full-time,Medium,1541000
24,Bachelor's,3,Database Administrator,Bengaluru,Contract,Medium,994000
34,Bachelor's,6,Business Analyst,Pune,Full-time,Medium,1026000
42,PhD,13,Business Analyst,Gurugram,Full-time,Large,2253000
37,Bachelor's,7,ML Engineer,Chennai,Full-time,Large,1555000
55,Bachelor's,12,Web Developer,Chennai,Full-time,Small,1420000
26,Master's,3,Business Analyst,Noida,Full-time,Medium,1053000
26,Bachelor's,1,Business Analyst,Kolkata,Full-time,Large,629000
33,Bachelor's,10,Product Analyst,Delhi,Part-time,Small,328000
54,Master's,11,Data Analyst,Bengaluru,Full-time,Small,1669000
43,Master's,6,Web Developer,Mumbai,Contract,Large,1338000
27,PhD,5,Product Analyst,Pune,Contract,Startup,1083000
43,Master's,12,ML Engineer,Bengaluru,Full-time,Medium,2158000
53,Master's,8,Database Administrator,Pune,Full-time,Medium,1486000
27,Bachelor's,3,Software Engineer,Delhi,Full-time,Startup,726000
36,Bachelor's,7,Business Analyst,Bengaluru,Full-time,Small,1033000
26,Master's,2,DevOps Engineer,Bengaluru,Full-time,Medium,1303000
49,PhD,8,Data Analyst,Noida,Full-time,Startup,1272000
30,Master's,8,Business Analyst,Gurugram,Full-time,Small,1417000
40,PhD,17,Database Administrator,Gurugram,Contract,Medium,1964000
47,Bachelor's,13,DevOps Engineer,Mumbai,Full-time,Large,2502000
30,Bachelor's,3,,Noida,Contract,Startup,665000
33,Bachelor's,0,Database Administrator,Gurugram,Full-time,Large,883000
21,Bachelor's,0,Data Scientist,Gurugram,Contract,Large,1140000
35,Bachelor's,7,Data Analyst,Ahmedabad,Part-time,Startup,365000
53,Master's,14,Business Analyst,Noida,Full-time,Small,1550000
29,Bachelor's,1,DevOps Engineer,Bengaluru,Full-time,Large,1163000
28,Bachelor's,3,Database Administrator,Mumbai,Full-time,Startup,888000
42,Master's,13,Web Developer,Hyderabad,Contract,Large,1436000
39,Master's,3,Database Administrator,Gurugram,Full-time,Medium,1223000
32,Master's,11,Data Analyst,Noida,Full-time,Medium,1244000
51,Master's,16,Product Analyst,Hyderabad,Full-time,Medium,1470000
31,Bachelor's,10,Data Analyst,Hyderabad,Full-time,Large,1378000
38,Master's,2,Business Analyst,Pune,Full-time,Medium,916000
24,Bachelor's,1,Database Administrator,Bengaluru,Full-time,Small,767000
27,Master's,4,ML Engineer,Kolkata,Full-time,Medium,1386000
27,Bachelor's,3,Data Analyst,Kolkata,Contract,Medium,725000
43,PhD,0,Data Scientist,Noida,Full-time,Small,999000
52,Master's,3,Software Engineer,Bengaluru,Contract,Small,1030000
48,Bachelor's,3,Business Analyst,Mumbai,Contract,Medium,968000
31,Bachelor's,8,Data Analyst,Pune,Part-time,Startup,361000
38,Master's,15,Business Analyst,Hyderabad,Full-time,Large,2325000
49,PhD,2,Product Analyst,Delhi,Full-time,Startup,1021000
51,,0,Data Analyst,Noida,Full-time,Medium,996000
37,Master's,3,Data Scientist,Kolkata,Full-time,Small,1074000
41,Bachelor's,12,Software Engineer,Mumbai,Full-time,Large,1873000
50,Master's,17,Data Scientist,Kolkata,Full-time,Small,1625000
23,Bachelor's,2,DevOps Engineer,Ahmedabad,Full-time,Medium,933000
32,Master's,6,Product Analyst,Chennai,Full-time,Large,1350000
55,Bachelor's,1,Data Analyst,Noida,Full-time,Startup,628000
54,Bachelor's,3,ML Engineer,Ahmedabad,Part-time,Large,557000
26,Master's,3,Product Analyst,Ahmedabad,Full-time,Startup,863000
44,Bachelor's,20,Database Administrator,Gurugram,Full-time,Medium,2489000
34,Master's,4,DevOps Engineer,Chennai,Full-time,Startup,1155000
33,Bachelor's,8,Data Analyst,Noida,Full-time,Startup,1034000
41,Master's,0,Web Developer,Pune,Full-time,Startup,621000
41,PhD,1,Project Manager,Gurugram,Full-time,Medium,1312000
40,Bachelor's,7,Project Manager,Gurugram,Full-time,Medium,1583000
25,PhD,3,Business Analyst,Noida,Full-time,Large,1074000
49,Bachelor's,25,Software Engineer,Gurugram,Full-time,Small,1933000
54,Master's,22,Software Engineer,Pune,Contract,Medium,1985000
55,Master's,6,Project Manager,Delhi,Full-time,Startup,1259000
28,Master's,7,ML Engineer,Ahmedabad,Full-time,Medium,1338000
42,Bachelor's,13,Project Manager,Hyderabad,Full-time,Startup,1576000
29,Master's,4,Project Manager,Hyderabad,Full-time,Large,1752000
37,Bachelor's,15,Data Analyst,Delhi,Full-time,Small,1543000
47,Bachelor's,3,Web Developer,Bengaluru,Full-time,Small,813000
44,Master's,22,DevOps Engineer,Chennai,Full-time,Medium,2395000
38,Master's,13,ML Engineer,Pune,Full-time,Medium,2027000
33,Master's,3,Web Developer,Noida,Full-time,Medium,700000
52,Bachelor's,20,Data Scientist,Delhi,Full-time,Medium,2146000
37,Bachelor's,8,Data Scientist,Mumbai,Full-time,Medium,1929000
33,Bachelor's,11,DevOps Engineer,Gurugram,Full-time,Large,2082000
24,Bachelor's,2,Business Analyst,Kolkata,Full-time,Startup,605000
55,Bachelor's,20,Data Analyst,Mumbai,Full-time,Small,1707000
22,Master's,0,ML Engineer,Ahmedabad,Full-time,Large,1131000
22,Bachelor's,1,Product Analyst,Chennai,Full-time,Medium,746000
50,Master's,16,DevOps Engineer,Noida,Full-time,Startup,1636000
38,Master's,2,Business Analyst,Chennai,Full-time,Startup,764000
37,Bachelor's,10,Business Analyst,Pune,Full-time,Large,1505000
25,Master's,4,Business Analyst,Ahmedabad,Full-time,Startup,731000
50,Bachelor's,0,Database Administrator,Bengaluru,Full-time,Small,611000
22,Bachelor's,0,Web Developer,Noida,Contract,Small,471000
27,PhD,6,Data Analyst,Bengaluru,Contract,Startup,947000
38,,16,Data Scientist,Delhi,Full-time,Medium,1840000
25,Master's,1,Product Analyst,Ahmedabad,Full-time,Large,762000
33,Master's,4,Product Analyst,Gurugram,Full-time,Medium,1340000
49,Master's,24,Software Engineer,Gurugram,Full-time,Small,2488000
31,Bachelor's,8,Data Analyst,Hyderabad,Full-time,Large,1171000
38,Bachelor's,2,Web Developer,Hyderabad,Full-time,Startup,692000
32,Master's,7,Business Analyst,Mumbai,Full-time,Startup,1108000
32,Bachelor's,2,Project Manager,Chennai,Part-time,Startup,447000
33,Bachelor's,1,Data Analyst,Pune,Full-time,Medium,798000
24,Bachelor's,0,Business Analyst,Mumbai,Full-time,Startup,476000
46,Bachelor's,5,Project Manager,Ahmedabad,Contract,Small,948000
55,Bachelor's,11,Web Developer,Kolkata,Full-time,Startup,863000
22,Bachelor's,1,Software Engineer,Kolkata,Full-time,Startup,639000
31,Bachelor's,5,Project Manager,Delhi,Full-time,Large,1624000
27,Bachelor's,4,Web Developer,Chennai,Full-time,Large,882000
36,Bachelor's,9,Web Developer,Bengaluru,Contract,Medium,1203000
54,Master's,28,Web Developer,Pune,Contract,Startup,2589000
47,Bachelor's,22,Software Engineer,Delhi,Full-time,Large,2663000
35,PhD,5,Data Analyst,Pune,Contract,Startup,1046000
26,Master's,2,DevOps Engineer,Bengaluru,Full-time,Startup,1089000
43,Bachelor's,7,Project Manager,Hyderabad,Full-time,Large,1693000
48,Bachelor's,8,Database Administrator,Gurugram,Contract,Startup,1135000
39,Master's,8,Data Scientist,Delhi,Full-time,Startup,1430000
53,Master's,14,Project Manager,Gurugram,Full-time,Medium,2546000
41,Master's,6,Product Analyst,Bengaluru,Full-time,Large,1401000
36,Bachelor's,1,Data Analyst,Gurugram,Full-time,Medium,874000
31,Bachelor's,10,Project Manager,Chennai,Full-time,Medium,1444000
33,Bachelor's,10,Software Engineer,Mumbai,Full-time,Large,1535000
54,Bachelor's,13,ML Engineer,Ahmedabad,Full-time,Medium,1669000
26,Bachelor's,5,Product Analyst,Bengaluru,Contract,Large,1263000
55,Bachelor's,22,Product Analyst,Kolkata,Full-time,Startup,1858000
38,PhD,6,Business Analyst,Gurugram,Full-time,Medium,1508000
35,Bachelor's,7,DevOps Engineer,Gurugram,Full-time,Medium,1594000
35,Bachelor's,3,Software Engineer,Noida,Contract,Large,1088000
29,Bachelor's,4,Software Engineer,Kolkata,Full-time,Small,680000
28,Master's,0,Data Analyst,Chennai,Full-time,Medium,804000
35,Bachelor's,9,Data Analyst,Kolkata,Full-time,Small,1035000
47,Master's,17,DevOps Engineer,Delhi,Contract,Medium,2341000
53,Bachelor's,20,Data Analyst,Hyderabad,Full-time,Startup,1730000
51,Bachelor's,13,ML Engineer,Chennai,Full-time,Startup,1921000
22,Master's,1,ML Engineer,Pune,Part-time,Medium,647000
41,Master's,12,ML Engineer,Bengaluru,Full-time,Medium,2037000
27,Master's,2,DevOps Engineer,Hyderabad,Full-time,Large,1587000
32,Master's,2,DevOps Engineer,Chennai,Full-time,Startup,1200000
39,Bachelor's,10,Web Developer,Hyderabad,Full-time,Small,1352000
43,Master's,5,Business Analyst,Gurugram,Contract,Medium,1140000
44,Bachelor's,11,Project Manager,Chennai,Full-time,Small,1486000
50,Bachelor's,18,Web Developer,Delhi,Full-time,Large,1994000
30,Master's,5,Data Analyst,Mumbai,Full-time,Medium,1094000
45,Master's,21,Web Developer,Kolkata,Full-time,Medium,1645000
32,Bachelor's,4,Data Analyst,Ahmedabad,Full-time,Large,844000
25,Master's,3,DevOps Engineer,Ahmedabad,Full-time,Startup,1005000
39,Bachelor's,2,Business Analyst,Ahmedabad,Full-time,Startup,508000
40,Bachelor's,10,Web Developer,Gurugram,Full-time,Startup,1043000
44,Master's,14,Business Analyst,Kolkata,Contract,Large,1665000
48,Master's,6,Web Developer,Hyderabad,Full-time,Medium,1084000
23,Bachelor's,2,Project Manager,Delhi,Full-time,Small,959000
36,Master's,13,Data Scientist,Pune,Full-time,Medium,2196000
51,Master's,26,Data Analyst,Hyderabad,Full-time,Large,2426000
38,Bachelor's,5,DevOps Engineer,Noida,Full-time,Startup,1022000
39,PhD,18,Web Developer,Mumbai,Full-time,Medium,2524000
47,Bachelor's,3,Web Developer,Delhi,Full-time,Large,1009000
40,Master's,19,Product Analyst,Ahmedabad,Full-time,Startup,1447000
38,Bachelor's,3,Data Analyst,Delhi,Full-time,Small,641000
45,Bachelor's,9,ML Engineer,Bengaluru,Full-time,Medium,1864000
44,Master's,13,Web Developer,Chennai,Full-time,Medium,1443000
37,Master's,14,DevOps Engineer,Ahmedabad,Full-time,Startup,1264000
48,Master's,13,Web Developer,Delhi,Full-time,Startup,1614000
38,Bachelor's,11,Data Analyst,Ahmedabad,Full-time,Medium,1177000
32,Bachelor's,8,Product Analyst,Gurugram,Contract,Medium,1326000
24,Bachelor's,3,Data Scientist,Pune,Full-time,Small,1090000
44,Bachelor's,0,Web Developer,Hyderabad,Contract,Large,647000
35,Master's,1,Database Administrator,Ahmedabad,Contract,Medium,770000
22,Bachelor's,1,Business Analyst,Mumbai,Part-time,Startup,449000
46,,4,Software Engineer,Delhi,Full-time,Startup,964000
31,Bachelor's,2,Product Analyst,Gurugram,Contract,Startup,724000
52,Master's,15,Business Analyst,Delhi,Full-time,Startup,1624000
29,Bachelor's,5,Product Analyst,Kolkata,Full-time,Startup,754000
36,Master's,1,Product Analyst,Delhi,Full-time,Startup,634000
36,Bachelor's,13,Data Analyst,Kolkata,Part-time,Medium,597000
34,Master's,8,DevOps Engineer,Noida,Part-time,Large,1024000
54,Master's,20,Software Engineer,Gurugram,Full-time,Medium,2345000
39,Bachelor's,0,ML Engineer,Ahmedabad,Contract,Startup,814000
53,Bachelor's,6,Data Analyst,Hyderabad,Full-time,Large,1222000
40,PhD,13,ML Engineer,Ahmedabad,Full-time,Medium,1756000
52,Bachelor's,19,Software Engineer,Chennai,Full-time,Large,2375000
22,Bachelor's,1,Web Developer,Gurugram,Contract,Startup,503000
47,Master's,9,Software Engineer,,Full-time,Startup,1359000
45,Bachelor's,4,ML Engineer,Kolkata,Full-time,Large,1313000
36,Master's,9,Data Scientist,Gurugram,Full-time,Startup,1732000
34,Bachelor's,4,Data Analyst,Delhi,Contract,Medium,803000
50,Master's,22,Product Analyst,Kolkata,Full-time,Large,2486000
37,Bachelor's,7,Data Scientist,Kolkata,Full-time,Startup,1188000
33,Bachelor's,8,Database Administrator,Ahmedabad,Full-time,Large,1286000
46,Bachelor's,21,Product Analyst,Chennai,Contract,Startup,1711000
49,Bachelor's,24,Database Administrator,Chennai,Contract,Startup,1981000
29,PhD,2,Database Administrator,Ahmedabad,Full-time,Startup,809000
42,Bachelor's,20,Software Engineer,Pune,Full-time,Large,2123000
46,Bachelor's,0,Product Analyst,Mumbai,Full-time,Small,952000
31,Bachelor's,4,Business Analyst,Pune,Full-time,Large,929000
28,PhD,0,Project Manager,Pune,Part-time,Medium,782000
45,Bachelor's,2,ML Engineer,Bengaluru,Contract,Startup,973000
33,Bachelor's,6,Data Scientist,Delhi,Contract,Medium,1365000
49,Master's,7,ML Engineer,Chennai,Full-time,Large,1590000
24,PhD,1,ML Engineer,Mumbai,Full-time,Large,1810000
30,PhD,3,Project Manager,Pune,Full-time,Small,1336000
51,Bachelor's,6,Project Manager,Mumbai,Full-time,Large,1814000
30,Bachelor's,8,Software Engineer,Chennai,Full-time,Large,1254000
38,Bachelor's,3,Software Engineer,Pune,Full-time,Small,820000
23,Bachelor's,1,DevOps Engineer,Bengaluru,Full-time,Medium,889000
46,Bachelor's,13,Product Analyst,Mumbai,Part-time,Small,894000
28,Bachelor's,1,Data Analyst,Mumbai,Full-time,Startup,640000
55,Bachelor's,1,Business Analyst,Noida,Contract,Medium,765000
38,Bachelor's,2,DevOps Engineer,Mumbai,Full-time,Large,1324000
38,Bachelor's,5,Software Engineer,Pune,Full-time,Medium,1320000
50,Bachelor's,13,Project Manager,Hyderabad,Full-time,Medium,1693000
55,Bachelor's,9,Web Developer,Bengaluru,Full-time,Large,1477000
52,Bachelor's,16,DevOps Engineer,Chennai,Full-time,Startup,1577000
50,Bachelor's,20,Data Analyst,Kolkata,Full-time,Startup,1738000
32,Bachelor's,8,Software Engineer,Pune,Full-time,Medium,1291000
33,Master's,1,Web Developer,Gurugram,Contract,Small,804000
40,Master's,8,Web Developer,Bengaluru,Full-time,Large,1496000
48,Bachelor's,17,Business Analyst,Gurugram,Full-time,Small,2021000
32,Bachelor's,8,Project Manager,Bengaluru,Contract,Startup,1480000
29,Master's,7,Project Manager,Pune,Full-time,Small,1463000
36,PhD,13,Database Administrator,Noida,Contract,Large,2182000
50,Bachelor's,23,Data Scientist,Chennai,Part-time,Medium,1368000
28,Master's,0,Web Developer,Hyderabad,Full-time,Startup,587000
49,Bachelor's,3,Web Developer,Hyderabad,Full-time,Medium,780000
45,Master's,4,,Hyderabad,Contract,Large,1555000
55,PhD,22,Data Scientist,Noida,Contract,Medium,2694000
31,Master's,0,Web Developer,Ahmedabad,Full-time,Medium,514000
21,Bachelor's,0,Software Engineer,Delhi,Full-time,Large,860000
34,Master's,9,ML Engineer,Noida,Full-time,Startup,1519000
39,Bachelor's,8,Product Analyst,Delhi,Full-time,Startup,1116000
48,Master's,8,Project Manager,Delhi,Full-time,Medium,1611000
34,Bachelor's,1,Data Analyst,Pune,Full-time,Startup,653000
35,Bachelor's,3,Product Analyst,Noida,Contract,Startup,616000
39,Bachelor's,4,ML Engineer,Gurugram,Full-time,Large,1646000
37,Bachelor's,5,Project Manager,Gurugram,Contract,Medium,1546000
41,Master's,2,Database Administrator,Delhi,Full-time,Small,1036000
25,Master's,2,Data Analyst,Gurugram,Full-time,Large,987000
52,Master's,7,Software Engineer,Gurugram,Full-time,Small,1350000
28,Bachelor's,3,Web Developer,Noida,Full-time,Startup,816000
24,Bachelor's,3,Database Administrator,Delhi,Full-time,Small,777000
36,Bachelor's,7,Web Developer,Delhi,Full-time,Startup,967000
33,Master's,8,Product Analyst,Mumbai,Contract,Medium,1363000
37,Master's,6,Business Analyst,Hyderabad,Full-time,Startup,1072000
55,Bachelor's,16,Data Scientist,Noida,Full-time,Medium,2143000
46,Bachelor's,18,Business Analyst,Kolkata,Full-time,Medium,1761000
29,Bachelor's,3,Database Administrator,Pune,Full-time,Small,954000
51,Bachelor's,16,ML Engineer,Chennai,Full-time,Small,1727000
40,PhD,10,Project Manager,Chennai,Full-time,Medium,1863000
26,Master's,1,Data Analyst,Chennai,Full-time,Medium,812000
29,Master's,7,Database Administrator,Noida,Full-time,Startup,1179000
39,,1,Software Engineer,Gurugram,Full-time,Small,751000
35,Bachelor's,14,Database Administrator,Noida,Full-time,Startup,1519000
37,Bachelor's,8,Data Analyst,Mumbai,Full-time,Small,1222000
34,Master's,3,DevOps Engineer,Pune,Full-time,Startup,1085000
54,Bachelor's,30,DevOps Engineer,Chennai,Part-time,Large,1910000
41,Master's,8,Business Analyst,,Full-time,Large,1499000
38,Master's,12,Project Manager,Mumbai,Full-time,Startup,1741000
43,Master's,0,DevOps Engineer,Noida,Full-time,Small,927000
47,Bachelor's,8,Web Developer,Noida,Full-time,Medium,1072000
32,Bachelor's,4,Software Engineer,Kolkata,Full-time,Startup,652000
44,Master's,22,Product Analyst,Hyderabad,Full-time,Medium,1926000
34,Bachelor's,3,Business Analyst,Noida,Full-time,Medium,879000
42,Bachelor's,17,Product Analyst,Pune,Contract,Startup,1387000
36,Bachelor's,9,Data Scientist,Kolkata,Full-time,Medium,1440000
54,Bachelor's,4,Data Scientist,Pune,Full-time,Medium,1111000
42,Master's,18,Business Analyst,Bengaluru,Full-time,Large,2179000
39,Bachelor's,15,Data Scientist,Mumbai,Full-time,Large,2332000
39,Bachelor's,14,Data Scientist,Bengaluru,Full-time,Small,1755000
39,Bachelor's,2,Data Analyst,Gurugram,Full-time,Startup,661000
24,Bachelor's,0,Business Analyst,Pune,Full-time,Large,866000
41,Master's,7,Data Analyst,Kolkata,Full-time,Large,1110000
34,Master's,4,Web Developer,Noida,Contract,Small,659000
46,Bachelor's,5,Database Administrator,Hyderabad,Full-time,Medium,1086000
34,Bachelor's,6,,Bengaluru,Full-time,Large,1452000
30,Master's,3,Business Analyst,Bengaluru,Full-time,Medium,1160000
25,Bachelor's,4,ML Engineer,Ahmedabad,Full-time,Small,967000
38,PhD,5,Product Analyst,Kolkata,Full-time,Startup,753000
39,Master's,9,,Kolkata,Full-time,Small,1320000
23,Master's,0,Data Analyst,Chennai,Full-time,Startup,734000
30,PhD,4,ML Engineer,Kolkata,Contract,Startup,1065000
27,PhD,5,Product Analyst,Bengaluru,Contract,Medium,1261000
21,Master's,0,ML Engineer,Mumbai,Contract,Small,1289000
49,Bachelor's,16,Product Analyst,Ahmedabad,Full-time,Large,1540000
33,,8,Web Developer,Delhi,Contract,Medium,1332000
24,Master's,1,Product Analyst,Noida,Full-time,Medium,967000
25,Master's,2,Data Analyst,Kolkata,Full-time,Medium,666000
40,Bachelor's,13,Software Engineer,Chennai,Full-time,Medium,1639000
25,Bachelor's,1,Business Analyst,Ahmedabad,Contract,Startup,443000
48,Master's,8,DevOps Engineer,Hyderabad,Full-time,Large,2077000
46,Bachelor's,9,Web Developer,Bengaluru,Full-time,Startup,1097000
29,Master's,1,Data Analyst,Bengaluru,Full-time,Small,812000
41,Master's,4,DevOps Engineer,Gurugram,Contract,Medium,986000
24,Master's,0,Project Manager,Ahmedabad,Full-time,Startup,777000
43,,11,Business Analyst,Mumbai,Part-time,Startup,869000
30,Master's,9,Data Scientist,Bengaluru,Contract,Small,1476000
41,Master's,4,Data Analyst,,Full-time,Medium,1149000
48,Bachelor's,8,Web Developer,Gurugram,Contract,Medium,1349000
45,Bachelor's,15,Data Analyst,Hyderabad,Full-time,Startup,1295000
52,Bachelor's,9,Database Administrator,Gurugram,Full-time,Medium,1565000
27,Bachelor's,0,ML Engineer,Hyderabad,Full-time,Medium,1102000
35,Master's,14,DevOps Engineer,Gurugram,Part-time,Startup,1139000
54,Master's,1,Project Manager,Chennai,Full-time,Medium,1229000
29,Master's,7,Software Engineer,Hyderabad,Full-time,Large,1531000
24,PhD,2,Product Analyst,Noida,Full-time,Small,1001000
36,Bachelor's,11,ML Engineer,Mumbai,Contract,Startup,1796000
33,Bachelor's,11,Web Developer,Hyderabad,Full-time,Medium,1200000
32,Bachelor's,4,Database Administrator,Kolkata,Full-time,Startup,716000
30,Master's,7,Project Manager,Mumbai,Full-time,Small,1509000
26,Master's,1,Software Engineer,Gurugram,Full-time,Large,1183000
39,PhD,13,Data Analyst,Delhi,Full-time,Medium,1634000
36,Bachelor's,7,Software Engineer,Noida,Full-time,Small,1040000
42,Bachelor's,10,Software Engineer,Bengaluru,Contract,Medium,1338000
35,Bachelor's,14,Web Developer,Bengaluru,Contract,Startup,1118000
24,Bachelor's,2,DevOps Engineer,Gurugram,Contract,Medium,976000
45,Bachelor's,19,Database Administrator,Bengaluru,Part-time,Large,1209000
41,Bachelor's,14,Web Developer,Gurugram,Contract,Small,1506000
45,Master's,3,DevOps Engineer,Gurugram,Contract,Large,1470000
25,Bachelor's,4,ML Engineer,Chennai,Full-time,Small,1011000
33,Master's,7,ML Engineer,Mumbai,Full-time,Medium,2033000
42,Master's,13,Data Scientist,Pune,Full-time,Startup,1661000
44,Bachelor's,19,DevOps Engineer,Mumbai,Full-time,Medium,2447000
40,Bachelor's,8,Project Manager,Hyderabad,Full-time,Small,1471000
45,Bachelor's,5,Software Engineer,Kolkata,Contract,Large,946000
43,Bachelor's,10,Database Administrator,Bengaluru,Full-time,Medium,1713000
42,PhD,0,Data Scientist,Mumbai,Full-time,Startup,925000
38,Bachelor's,0,ML Engineer,Gurugram,Contract,Large,1263000
21,Bachelor's,0,ML Engineer,Chennai,Full-time,Large,1328000
24,Bachelor's,2,Data Scientist,Pune,Full-time,Medium,981000
49,Master's,27,Software Engineer,Kolkata,Full-time,Startup,1917000
43,Bachelor's,16,Web Developer,Noida,Full-time,Startup,1370000
44,PhD,15,Web Developer,Hyderabad,Full-time,Large,2005000
30,Bachelor's,6,Data Scientist,Noida,Full-time,Medium,1214000
22,PhD,1,Data Scientist,Noida,Part-time,Medium,604000
40,Bachelor's,18,Project Manager,Mumbai,Contract,Medium,2285000
32,Bachelor's,4,Business Analyst,Pune,Contract,Large,1087000
23,Master's,2,Data Analyst,Mumbai,Full-time,Medium,962000
34,Bachelor's,1,Web Developer,Gurugram,Full-time,Startup,633000
40,Master's,5,Data Scientist,Mumbai,Full-time,Large,1906000
32,Master's,10,Software Engineer,Gurugram,Full-time,Large,1723000
49,PhD,20,Product Analyst,Noida,Full-time,Small,2257000
46,Bachelor's,6,DevOps Engineer,Gurugram,Full-time,Startup,1282000
37,Master's,16,Business Analyst,Chennai,Full-time,Medium,1825000
40,Bachelor's,6,ML Engineer,Noida,Contract,Large,1661000
54,Bachelor's,13,ML Engineer,Kolkata,Full-time,Startup,1383000
35,Bachelor's,12,Data Scientist,Gurugram,Full-time,Large,2017000
33,Master's,1,Web Developer,Bengaluru,Contract,Medium,845000
33,Master's,2,,Delhi,Full-time,Medium,1405000
34,Bachelor's,7,Product Analyst,Hyderabad,Full-time,Startup,1188000
38,Master's,0,Product Analyst,Chennai,Part-time,Medium,428000
34,Bachelor's,8,Data Scientist,Gurugram,Full-time,Startup,1512000
47,PhD,4,Software Engineer,Noida,Full-time,Small,1298000
51,Bachelor's,9,ML Engineer,Pune,Full-time,Large,1682000
35,Bachelor's,5,,Mumbai,Contract,Large,1512000
48,Bachelor's,19,Web Developer,Noida,Full-time,Medium,1632000
36,Bachelor's,15,ML Engineer,Bengaluru,Part-time,Small,1034000
55,Bachelor's,13,Data Scientist,Delhi,Full-time,Startup,1884000
50,Master's,16,Software Engineer,Hyderabad,Full-time,Large,2534000
32,Bachelor's,9,DevOps Engineer,Hyderabad,Full-time,Startup,1321000
27,Master's,3,Database Administrator,Ahmedabad,Contract,Small,666000
42,Bachelor's,16,DevOps Engineer,Mumbai,Full-time,Small,2120000
50,PhD,6,Data Analyst,Chennai,Full-time,Large,1313000
30,Bachelor's,3,Data Scientist,Ahmedabad,Full-time,Small,945000
51,Bachelor's,0,ML Engineer,Noida,Contract,Small,878000
30,Master's,8,Data Scientist,Ahmedabad,Full-time,Startup,1270000
43,Master's,10,DevOps Engineer,Bengaluru,Full-time,Medium,1865000
28,Bachelor's,7,Data Analyst,Chennai,Part-time,Large,603000
49,Bachelor's,19,Data Scientist,Gurugram,Full-time,Startup,2330000
50,Bachelor's,18,Data Analyst,Chennai,Full-time,Startup,1585000
38,Bachelor's,10,Database Administrator,Noida,Full-time,Startup,1307000
38,Master's,3,ML Engineer,Mumbai,Full-time,Medium,1521000
50,Bachelor's,1,Business Analyst,Delhi,Full-time,Large,822000
52,Bachelor's,14,DevOps Engineer,Delhi,Full-time,Startup,1520000
30,PhD,4,Software Engineer,Pune,Contract,Medium,1285000
46,Master's,20,ML Engineer,,Contract,Small,1670000
30,Bachelor's,9,Database Administrator,Chennai,Full-time,Small,1106000
55,Bachelor's,12,Product Analyst,Ahmedabad,Full-time,Small,1128000
36,Master's,3,Web Developer,Chennai,Full-time,Medium,958000
36,Master's,6,Product Analyst,Mumbai,Full-time,Medium,1155000
47,Bachelor's,11,Data Analyst,Gurugram,Full-time,Medium,1358000
34,Bachelor's,4,DevOps Engineer,Pune,Full-time,Large,1308000
38,Bachelor's,16,Database Administrator,Mumbai,Full-time,Medium,2351000
33,PhD,0,Software Engineer,Mumbai,Full-time,Medium,1019000
25,Master's,3,Project Manager,Ahmedabad,Contract,Startup,918000
38,PhD,12,DevOps Engineer,Ahmedabad,Contract,Large,1704000
29,Bachelor's,2,Software Engineer,Ahmedabad,Contract,Medium,861000
40,Master's,1,Product Analyst,Pune,Full-time,Small,934000
39,Master's,11,DevOps Engineer,Hyderabad,Full-time,Large,2067000
23,Master's,2,Web Developer,Noida,Contract,Small,812000
28,Bachelor's,4,ML Engineer,Pune,Full-time,Small,1302000
31,Bachelor's,1,Software Engineer,Chennai,Full-time,Medium,789000
33,Master's,10,Data Scientist,Kolkata,Full-time,Small,1661000
44,Bachelor's,19,Data Analyst,Gurugram,Contract,Small,1846000
42,Bachelor's,10,Project Manager,Ahmedabad,Full-time,Startup,1269000
41,Master's,16,ML Engineer,Delhi,Full-time,Large,2703000
37,Bachelor's,15,ML Engineer,Kolkata,Contract,Medium,1546000
38,Master's,13,DevOps Engineer,Pune,Full-time,Large,2160000
31,Bachelor's,6,DevOps Engineer,Delhi,Full-time,Startup,1106000
21,Bachelor's,0,Software Engineer,Mumbai,Full-time,Startup,785000
46,PhD,9,Project Manager,Delhi,Full-time,Large,2323000
25,Bachelor's,4,Business Analyst,Chennai,Full-time,Medium,1050000
38,Bachelor's,10,Data Scientist,Kolkata,Full-time,Startup,1185000
54,Master's,27,Business Analyst,Kolkata,Full-time,Large,2881000
30,Bachelor's,8,DevOps Engineer,Gurugram,Full-time,Startup,1631000
37,Master's,5,Business Analyst,Kolkata,Full-time,Large,1091000
36,Master's,1,,Ahmedabad,Full-time,Small,492000
43,Master's,3,DevOps Engineer,Noida,Full-time,Medium,1290000
25,Master's,1,Data Scientist,Ahmedabad,Full-time,Medium,862000
41,PhD,8,Data Scientist,Kolkata,Full-time,Medium,1509000
27,Master's,4,DevOps Engineer,Hyderabad,Part-time,Medium,771000
27,Master's,2,ML Engineer,Delhi,Full-time,Small,1254000
49,PhD,10,Product Analyst,Hyderabad,Full-time,Small,1629000
36,Bachelor's,15,Database Administrator,Kolkata,Full-time,Large,1711000
37,Master's,10,Product Analyst,Gurugram,Full-time,Medium,1482000
29,Bachelor's,1,ML Engineer,Bengaluru,Full-time,Startup,1161000
40,Master's,13,Product Analyst,Hyderabad,Full-time,Medium,1797000
23,Bachelor's,0,ML Engineer,Noida,Contract,Small,810000
48,Bachelor's,11,Data Scientist,Noida,Full-time,Medium,1795000
55,Master's,25,Business Analyst,Pune,Full-time,Medium,2871000
33,Master's,7,Data Scientist,Noida,Full-time,Small,1496000
54,Master's,28,ML Engineer,Chennai,Full-time,Medium,3291000
53,Bachelor's,13,Data Scientist,Delhi,Full-time,Medium,2029000
33,Bachelor's,2,DevOps Engineer,Bengaluru,Contract,Large,1356000
25,Bachelor's,0,Business Analyst,Bengaluru,Full-time,Small,816000
22,Bachelor's,1,Data Analyst,Chennai,Full-time,Medium,730000
35,Bachelor's,13,Web Developer,Chennai,Full-time,Startup,1016000
52,Bachelor's,29,DevOps Engineer,Mumbai,Full-time,Medium,2745000
21,Bachelor's,0,Web Developer,Noida,Contract,Large,610000
23,Bachelor's,2,Business Analyst,Kolkata,Full-time,Small,642000
25,Bachelor's,0,Project Manager,Gurugram,Full-time,Startup,1159000
51,Bachelor's,15,Business Analyst,Mumbai,Full-time,Medium,1739000
38,Master's,1,Data Scientist,Mumbai,Full-time,Large,1496000
39,Bachelor's,18,Business Analyst,Bengaluru,Full-time,Large,2002000
44,Bachelor's,7,Data Analyst,Delhi,Full-time,Large,1388000
22,Master's,0,ML Engineer,Ahmedabad,Contract,Small,887000
31,PhD,4,DevOps Engineer,Hyderabad,Full-time,Startup,1182000
36,Master's,6,DevOps Engineer,Delhi,Full-time,Startup,1208000
42,PhD,21,ML Engineer,Ahmedabad,Full-time,Large,2433000
43,Bachelor's,13,ML Engineer,Delhi,Full-time,Medium,1705000
30,Bachelor's,7,Data Analyst,Bengaluru,Full-time,Medium,1162000
25,Bachelor's,0,Project Manager,Chennai,Contract,Startup,810000
30,Bachelor's,7,Database Administrator,Noida,Full-time,Large,1237000
29,Bachelor's,4,Project Manager,Hyderabad,Full-time,Large,1671000
35,Bachelor's,12,Data Scientist,Kolkata,Full-time,Startup,1229000
24,Bachelor's,2,DevOps Engineer,Gurugram,Full-time,Small,968000
48,Bachelor's,11,ML Engineer,Gurugram,Full-time,Medium,1870000
50,Master's,10,Database Administrator,Kolkata,Contract,Medium,1166000
32,Bachelor's,4,ML Engineer,Gurugram,Full-time,Large,1507000
49,Bachelor's,28,Data Scientist,Hyderabad,Full-time,Medium,2956000
37,Master's,16,Software Engineer,Noida,Full-time,Medium,2156000
35,Bachelor's,12,Business Analyst,Kolkata,Full-time,Medium,1111000
36,Master's,0,Business Analyst,Chennai,Contract,Small,618000
40,Bachelor's,1,Data Analyst,Mumbai,Full-time,Startup,549000
31,Bachelor's,1,Database Administrator,Ahmedabad,Full-time,Large,769000
34,Master's,5,Business Analyst,Bengaluru,Contract,Medium,1162000
43,Master's,8,Web Developer,Noida,Part-time,Medium,575000
23,Master's,2,Project Manager,Hyderabad,Full-time,Large,1536000
33,PhD,9,Data Scientist,Gurugram,Full-time,Medium,2066000
53,Bachelor's,32,ML Engineer,Bengaluru,Contract,Small,3311000
24,Bachelor's,1,Business Analyst,Delhi,Full-time,Large,775000
24,Master's,1,,Chennai,Full-time,Small,1011000
46,Bachelor's,25,Product Analyst,Delhi,Contract,Small,2044000
47,Bachelor's,2,DevOps Engineer,Pune,Full-time,Large,1135000
54,Master's,10,Business Analyst,Hyderabad,Full-time,Large,1673000
29,PhD,0,DevOps Engineer,Ahmedabad,Contract,Startup,833000
49,Bachelor's,15,DevOps Engineer,Hyderabad,Contract,Medium,1770000
54,Bachelor's,20,Software Engineer,Delhi,Full-time,Large,2379000
30,Master's,7,Web Developer,Ahmedabad,Contract,Large,914000
35,Master's,2,Data Scientist,Ahmedabad,Full-time,Large,1107000
33,Master's,4,Business Analyst,Ahmedabad,Full-time,Startup,692000
52,Bachelor's,11,Web Developer,Delhi,Full-time,Small,1424000
33,Bachelor's,8,Database Administrator,Pune,Contract,Startup,979000
39,Bachelor's,15,Project Manager,,Full-time,Startup,1686000
35,Master's,8,Product Analyst,Pune,Full-time,Large,1521000
49,Master's,20,Business Analyst,Noida,Full-time,Large,2836000
45,Bachelor's,22,Business Analyst,Mumbai,Contract,Large,2821000
50,Bachelor's,17,Product Analyst,Gurugram,Full-time,Medium,2357000
55,Bachelor's,8,Data Analyst,Gurugram,Full-time,Large,1249000
26,Bachelor's,4,ML Engineer,Delhi,Full-time,Medium,1464000
31,Bachelor's,4,Data Scientist,Gurugram,Full-time,Startup,1272000
22,Bachelor's,1,Data Analyst,Kolkata,Full-time,Startup,421000
31,Bachelor's,4,Business Analyst,Hyderabad,Full-time,Large,1045000
43,Bachelor's,2,DevOps Engineer,Chennai,Full-time,Startup,839000
26,Master's,2,Business Analyst,Gurugram,Full-time,Large,1265000
54,Bachelor's,2,Product Analyst,Hyderabad,Full-time,Startup,640000
24,Master's,2,Database Administrator,Mumbai,Contract,Small,925000
48,Bachelor's,4,Data Analyst,Hyderabad,Full-time,Startup,780000
33,Bachelor's,8,DevOps Engineer,Delhi,Full-time,Startup,1104000
42,Master's,21,Database Administrator,Ahmedabad,Contract,Medium,1719000
22,Bachelor's,0,Product Analyst,Chennai,Full-time,Medium,638000
28,Bachelor's,2,Business Analyst,Ahmedabad,Full-time,Medium,522000
31,Bachelor's,4,Product Analyst,Bengaluru,Full-time,Medium,1220000
30,Bachelor's,4,,Hyderabad,Full-time,Small,1170000
22,Master's,0,Data Scientist,Mumbai,Contract,Small,974000
45,Bachelor's,17,DevOps Engineer,Chennai,Full-time,Medium,1674000
44,Bachelor's,13,DevOps Engineer,Mumbai,Contract,Startup,1854000
29,PhD,3,Web Developer,Chennai,Full-time,Medium,901000
45,Master's,0,Data Analyst,Delhi,Full-time,Small,804000
33,Bachelor's,3,Data Scientist,Chennai,Full-time,Large,1305000
48,Master's,27,Database Administrator,Chennai,Full-time,Large,2547000
38,Bachelor's,5,ML Engineer,Gurugram,Full-time,Small,1402000
47,Bachelor's,19,Database Administrator,Ahmedabad,Full-time,Medium,1722000
31,Bachelor's,2,Project Manager,Bengaluru,Full-time,Medium,1373000
30,Bachelor's,0,Web Developer,Bengaluru,Full-time,Medium,614000
32,PhD,0,ML Engineer,Chennai,Full-time,Medium,1400000
46,Bachelor's,22,Web Developer,Bengaluru,Full-time,Startup,2174000
34,Bachelor's,13,Product Analyst,Gurugram,Full-time,Small,1457000
38,Bachelor's,11,Project Manager,Chennai,Full-time,Startup,1552000
45,Bachelor's,7,Project Manager,Bengaluru,Full-time,Medium,1464000
41,Bachelor's,19,Data Scientist,Noida,Full-time,Small,2139000
54,Master's,33,Data Analyst,Pune,Contract,Small,1956000
38,Master's,14,Database Administrator,Noida,Full-time,Small,1501000
26,Bachelor's,1,Data Analyst,Kolkata,Full-time,Startup,379000
53,Master's,11,Software Engineer,Chennai,Part-time,Large,936000
37,Bachelor's,4,Data Analyst,Delhi,Full-time,Large,730000
46,Master's,8,Product Analyst,Delhi,Full-time,Startup,1284000
41,PhD,19,Product Analyst,Bengaluru,Part-time,Medium,1306000
30,Bachelor's,6,Software Engineer,Chennai,Full-time,Large,1393000
44,Bachelor's,13,Software Engineer,Hyderabad,Full-time,Medium,1884000
25,Master's,0,DevOps Engineer,Ahmedabad,Full-time,Large,854000
27,Master's,4,Software Engineer,Ahmedabad,Full-time,Startup,851000
27,Bachelor's,0,Product Analyst,Mumbai,Full-time,Medium,747000
30,Bachelor's,9,DevOps Engineer,Bengaluru,Full-time,Medium,1356000
33,Master's,6,Data Analyst,Gurugram,Full-time,Startup,988000
55,Bachelor's,27,Database Administrator,Hyderabad,Full-time,Large,2756000
35,PhD,11,DevOps Engineer,Kolkata,Full-time,Startup,1437000
32,Bachelor's,6,Data Analyst,Pune,Full-time,Small,924000
32,Master's,2,ML Engineer,Ahmedabad,Full-time,Medium,1128000
33,Bachelor's,6,Data Scientist,Mumbai,Full-time,Medium,1618000
52,Bachelor's,16,Web Developer,Pune,Full-time,Large,1763000
32,Master's,8,ML Engineer,Pune,Full-time,Large,1895000
31,Bachelor's,1,Software Engineer,Mumbai,Contract,Large,1114000
36,PhD,5,Software Engineer,Chennai,Full-time,Medium,1344000
36,PhD,3,Product Analyst,Bengaluru,Contract,Large,1516000
40,Bachelor's,2,ML Engineer,Kolkata,Contract,Startup,920000
40,Master's,2,Data Scientist,Hyderabad,Full-time,Small,1104000
46,Bachelor's,11,Data Scientist,Ahmedabad,Full-time,Startup,1167000
42,Bachelor's,10,Project Manager,Hyderabad,Full-time,Small,1604000
52,Bachelor's,23,Product Analyst,Chennai,Contract,Large,2307000
28,Master's,5,Database Administrator,Gurugram,Full-time,Medium,1113000
35,PhD,5,Software Engineer,Delhi,Full-time,Medium,1349000
24,Bachelor's,2,DevOps Engineer,Delhi,Full-time,Startup,882000
23,Bachelor's,1,Software Engineer,Kolkata,Full-time,Large,727000
43,Bachelor's,18,ML Engineer,Gurugram,Contract,Startup,2127000
50,Bachelor's,16,Product Analyst,Delhi,Full-time,Startup,1625000
54,Bachelor's,13,Business Analyst,Noida,Contract,Large,1786000
42,PhD,9,Project Manager,Mumbai,Full-time,Startup,1652000
28,PhD,6,Project Manager,Pune,Part-time,Startup,811000
22,Master's,0,DevOps Engineer,Chennai,Full-time,Medium,960000
37,Bachelor's,0,ML Engineer,Kolkata,Part-time,Medium,386000
49,Master's,15,Product Analyst,Mumbai,Full-time,Small,2006000
36,Bachelor's,13,ML Engineer,Pune,Full-time,Large,1905000
33,Bachelor's,8,Product Analyst,Hyderabad,Full-time,Medium,1323000
39,Master's,18,Project Manager,Kolkata,Contract,Startup,1840000
55,Bachelor's,5,Data Analyst,Mumbai,Part-time,Startup,544000
42,Bachelor's,13,ML Engineer,Chennai,Contract,Startup,1482000
25,Master's,3,Data Scientist,Chennai,Full-time,Startup,1058000
24,Master's,0,Data Scientist,Noida,Contract,Medium,957000
29,Master's,6,Database Administrator,,Full-time,Large,1516000
51,Bachelor's,5,Data Scientist,Mumbai,Full-time,Large,1624000
47,Bachelor's,6,Business Analyst,Gurugram,Full-time,Medium,994000
32,Bachelor's,9,Project Manager,Gurugram,Full-time,Medium,1632000
34,Bachelor's,1,Data Scientist,Ahmedabad,Full-time,Medium,754000
48,Master's,25,Data Scientist,Mumbai,Full-time,Large,3800000
40,Master's,16,Project Manager,Mumbai,Full-time,Small,2130000
49,Master's,4,Software Engineer,Gurugram,Full-time,Small,1171000
36,Master's,8,Business Analyst,Mumbai,Full-time,Startup,1418000
32,Master's,8,ML Engineer,Bengaluru,Full-time,Large,2174000
41,Bachelor's,7,Data Scientist,Chennai,Contract,Large,1472000
46,Bachelor's,10,Project Manager,Noida,Full-time,Medium,1800000
47,Bachelor's,13,Data Scientist,Chennai,Full-time,Startup,1659000
26,Master's,1,,Ahmedabad,Full-time,Medium,672000
35,Bachelor's,9,Database Administrator,Noida,Contract,Large,1523000
21,Master's,0,Database Administrator,Gurugram,Full-time,Medium,958000
55,Bachelor's,20,DevOps Engineer,Noida,Full-time,Medium,2487000
55,Bachelor's,15,Business Analyst,Hyderabad,Full-time,Small,1741000
30,Bachelor's,6,Data Scientist,Kolkata,Full-time,Startup,1132000
49,PhD,21,ML Engineer,Chennai,Full-time,Startup,2283000
35,Bachelor's,13,Software Engineer,Gurugram,Full-time,Medium,1940000
51,Bachelor's,14,Business Analyst,Ahmedabad,Full-time,Large,1581000
51,Bachelor's,25,Business Analyst,Bengaluru,Contract,Startup,2140000
27,Bachelor's,5,Software Engineer,Bengaluru,Full-time,Medium,1422000
23,Master's,1,ML Engineer,Kolkata,Full-time,Small,987000
24,Master's,0,ML Engineer,Delhi,Contract,Medium,1243000
31,Master's,5,Database Administrator,Mumbai,Full-time,Startup,1020000
30,Master's,8,Project Manager,Pune,Part-time,Medium,1013000
33,Bachelor's,3,Database Administrator,Bengaluru,Full-time,Small,824000
49,Bachelor's,22,Data Scientist,Mumbai,Contract,Small,2167000
27,Master's,4,Data Analyst,Pune,Full-time,Startup,900000
55,Bachelor's,22,Software Engineer,Bengaluru,Full-time,Medium,2705000
54,Master's,22,Data Scientist,Pune,Full-time,Large,2670000
50,Master's,7,Business Analyst,Delhi,Full-time,Medium,1322000
41,Bachelor's,7,Database Administrator,Gurugram,Part-time,Startup,514000
23,PhD,1,Data Scientist,Pune,Full-time,Startup,1099000
41,Bachelor's,2,Project Manager,Bengaluru,Full-time,Medium,1272000
49,,2,Business Analyst,Hyderabad,Contract,Medium,860000
28,Bachelor's,6,Database Administrator,Bengaluru,Full-time,Medium,1325000
40,Bachelor's,16,Business Analyst,Ahmedabad,Full-time,Small,1395000
29,Master's,2,Product Analyst,Noida,Full-time,Startup,860000
43,Master's,16,Software Engineer,Gurugram,Full-time,Large,2175000
23,Bachelor's,1,Web Developer,Bengaluru,Contract,Medium,650000
50,Bachelor's,23,ML Engineer,Bengaluru,Full-time,Large,3370000
55,Bachelor's,9,Web Developer,Chennai,Full-time,Startup,946000
38,Master's,5,DevOps Engineer,,Full-time,Medium,1531000
38,Bachelor's,9,ML Engineer,Chennai,Full-time,Startup,1250000
26,Bachelor's,5,Data Scientist,Mumbai,Full-time,Small,1370000
39,Bachelor's,17,ML Engineer,Kolkata,Full-time,Medium,1729000
22,Bachelor's,1,Database Administrator,Mumbai,Full-time,Large,973000
44,Master's,0,DevOps Engineer,Chennai,Full-time,Medium,957000
47,Master's,15,Web Developer,Hyderabad,Full-time,Large,1932000
44,Bachelor's,8,Database Administrator,Bengaluru,Part-time,Startup,793000
38,Bachelor's,4,Software Engineer,Hyderabad,Full-time,Startup,853000
41,PhD,10,DevOps Engineer,Pune,Contract,Large,2256000
44,Master's,2,Product Analyst,Mumbai,Full-time,Large,1292000
55,Master's,21,Data Scientist,Noida,Full-time,Startup,2168000
35,Bachelor's,9,Database Administrator,Pune,Full-time,Small,1438000
26,Bachelor's,1,Database Administrator,Noida,Full-time,Small,772000
38,Bachelor's,7,DevOps Engineer,Chennai,Part-time,Small,505000
32,Bachelor's,10,Data Scientist,Bengaluru,Full-time,Small,1673000
22,Master's,1,Software Engineer,Noida,Full-time,Large,1065000
37,Bachelor's,4,DevOps Engineer,Bengaluru,Full-time,Large,1440000
22,Bachelor's,0,Data Scientist,Ahmedabad,Full-time,Large,798000
25,Bachelor's,4,Business Analyst,Mumbai,Part-time,Medium,600000
47,Bachelor's,1,Software Engineer,Pune,Full-time,Small,730000
47,Master's,25,Data Analyst,Bengaluru,Full-time,Large,3582000
29,Bachelor's,3,Data Analyst,Kolkata,Contract,Medium,626000
46,Bachelor's,1,Business Analyst,Pune,Full-time,Medium,702000
25,Bachelor's,4,Business Analyst,Mumbai,Full-time,Startup,797000
35,Master's,5,Project Manager,Gurugram,Full-time,Large,1634000
30,Bachelor's,7,ML Engineer,Noida,Contract,Startup,1368000
23,Bachelor's,1,Project Manager,Mumbai,Full-time,Small,1153000
29,Master's,4,Web Developer,Bengaluru,Full-time,Startup,755000
38,Master's,8,Product Analyst,Kolkata,Full-time,Small,1073000
26,Master's,0,Project Manager,Delhi,Full-time,Startup,945000
21,Bachelor's,0,ML Engineer,Gurugram,Contract,Startup,841000
46,PhD,6,Data Scientist,Kolkata,Part-time,Medium,613000
29,Master's,5,Data Analyst,Bengaluru,Full-time,Startup,923000
22,Bachelor's,0,Database Administrator,Noida,Full-time,Startup,600000
21,Master's,0,Web Developer,Bengaluru,Full-time,Medium,737000
53,Bachelor's,15,DevOps Engineer,Pune,Contract,Large,1754000
54,Bachelor's,25,Project Manager,Gurugram,Full-time,Large,3090000
53,Master's,3,Product Analyst,Delhi,Full-time,Medium,963000
50,Bachelor's,9,Project Manager,Gurugram,Full-time,Startup,1440000
30,Bachelor's,2,DevOps Engineer,Ahmedabad,Full-time,Startup,884000
35,Master's,1,Data Scientist,Bengaluru,Full-time,Large,1494000
29,Master's,5,Business Analyst,Gurugram,Full-time,Medium,1099000
42,Master's,16,Database Administrator,Noida,Full-time,Medium,1948000
31,Master's,3,Data Analyst,Pune,Full-time,Large,959000
32,Bachelor's,5,DevOps Engineer,Gurugram,Full-time,Startup,1236000
50,PhD,28,Data Analyst,Kolkata,Full-time,Startup,1712000
27,Bachelor's,6,Product Analyst,Ahmedabad,Full-time,Startup,686000
22,Bachelor's,0,Business Analyst,Kolkata,Full-time,Medium,599000
38,PhD,4,ML Engineer,Kolkata,Full-time,Medium,1375000
44,Bachelor's,10,Software Engineer,Delhi,Full-time,Large,1593000
30,Master's,1,DevOps Engineer,Mumbai,Part-time,Large,745000
39,Master's,17,ML Engineer,Mumbai,Full-time,Startup,2170000
49,Bachelor's,17,Product Analyst,Kolkata,Full-time,Medium,1493000
42,Bachelor's,6,DevOps Engineer,Mumbai,Contract,Startup,1181000
51,Bachelor's,8,Business Analyst,Chennai,Full-time,Medium,995000
54,Bachelor's,29,Database Administrator,Pune,Full-time,Medium,2649000
46,Bachelor's,17,Product Analyst,Chennai,Full-time,Medium,1796000
52,Bachelor's,18,Data Scientist,Hyderabad,Contract,Startup,1841000
47,Bachelor's,4,Data Scientist,Bengaluru,Full-time,Medium,1416000
37,Bachelor's,4,Data Analyst,Bengaluru,Full-time,Startup,812000
46,Bachelor's,2,Project Manager,Ahmedabad,Full-time,Medium,1005000
22,Master's,1,Product Analyst,Noida,Full-time,Large,1096000
26,Bachelor's,1,DevOps Engineer,Gurugram,Contract,Startup,857000
34,Master's,8,Product Analyst,Hyderabad,Full-time,Small,1418000
35,Bachelor's,8,DevOps Engineer,Hyderabad,Full-time,Medium,1375000
32,Bachelor's,8,DevOps Engineer,Kolkata,Contract,Small,1214000
23,Master's,1,Project Manager,Gurugram,Full-time,Small,1261000
26,Bachelor's,0,ML Engineer,Delhi,Full-time,Small,1136000
21,Master's,0,,Bengaluru,Contract,Startup,935000
35,Bachelor's,1,Web Developer,Pune,Full-time,Medium,639000
32,Bachelor's,1,Data Analyst,Kolkata,Part-time,Startup,180000
37,Bachelor's,9,ML Engineer,Noida,Part-time,Small,808000
25,Bachelor's,3,ML Engineer,Delhi,Full-time,Small,1258000
53,Master's,18,ML Engineer,Chennai,Full-time,Medium,2535000
25,Bachelor's,4,Project Manager,Bengaluru,Part-time,Small,771000
50,Bachelor's,7,Software Engineer,Hyderabad,Full-time,Large,1550000
44,Bachelor's,17,Business Analyst,Delhi,Full-time,Medium,1663000
21,Bachelor's,0,Web Developer,Mumbai,Contract,Medium,425000
44,Master's,12,,Delhi,Contract,Medium,2290000
31,Master's,0,Database Administrator,Kolkata,Full-time,Small,724000
36,Master's,10,Database Administrator,Bengaluru,Full-time,Startup,1673000
45,Bachelor's,6,Data Analyst,Bengaluru,Full-time,Small,943000
25,Bachelor's,4,Data Scientist,Delhi,Full-time,Small,1078000
50,Bachelor's,16,Product Analyst,Ahmedabad,Full-time,Startup,1444000
53,Master's,8,Business Analyst,Delhi,Full-time,Startup,1387000
46,Bachelor's,23,Data Scientist,Ahmedabad,Full-time,Medium,2283000
54,Bachelor's,18,Project Manager,Ahmedabad,Part-time,Startup,1074000
31,Bachelor's,4,Product Analyst,Delhi,Full-time,Medium,1022000
25,Bachelor's,2,Software Engineer,Noida,Full-time,Startup,823000
46,Master's,24,DevOps Engineer,Chennai,Full-time,Startup,2248000
33,Bachelor's,7,Project Manager,Ahmedabad,Full-time,Medium,1024000
29,PhD,6,Database Administrator,Gurugram,Full-time,Startup,1198000
38,Bachelor's,10,Business Analyst,Gurugram,Full-time,Medium,1499000
24,Bachelor's,3,Product Analyst,Ahmedabad,Contract,Medium,729000
37,Bachelor's,3,Database Administrator,Hyderabad,Full-time,Medium,1110000
46,Master's,7,Project Manager,Delhi,Full-time,Large,1934000
49,Bachelor's,9,Product Analyst,Chennai,Contract,Startup,1082000
48,Master's,3,Software Engineer,Delhi,Full-time,Small,1025000
51,Bachelor's,30,Web Developer,Bengaluru,Contract,Medium,2926000
55,Bachelor's,3,Database Administrator,Ahmedabad,Full-time,Large,887000
46,Bachelor's,22,Web Developer,Noida,Full-time,Small,2122000
37,Bachelor's,5,Software Engineer,Delhi,Full-time,Startup,1149000
46,Master's,12,Software Engineer,Gurugram,Full-time,Medium,2024000
46,Bachelor's,25,Data Scientist,Pune,Full-time,Startup,2093000
21,Bachelor's,0,Data Analyst,Kolkata,Full-time,Small,355000
38,Bachelor's,12,,Ahmedabad,Contract,Startup,932000
31,PhD,7,Product Analyst,Pune,Contract,Small,1163000
51,Bachelor's,10,Data Analyst,Noida,Full-time,Small,1179000
32,Master's,5,ML Engineer,Delhi,Full-time,Medium,1476000
33,Bachelor's,6,Data Scientist,Hyderabad,Contract,Medium,1399000
33,Bachelor's,0,DevOps Engineer,Ahmedabad,Full-time,Medium,828000
45,Bachelor's,13,DevOps Engineer,Delhi,Part-time,Startup,923000
40,,12,Data Scientist,Pune,Part-time,Startup,811000
31,Master's,2,Data Scientist,Bengaluru,Contract,Small,1180000
40,,13,Web Developer,Gurugram,Contract,Medium,1706000
44,Master's,16,Project Manager,Hyderabad,Full-time,Startup,1952000
25,Master's,1,Business Analyst,Kolkata,Full-time,Large,813000
44,Bachelor's,17,Database Administrator,Chennai,Contract,Large,1736000
24,Bachelor's,3,ML Engineer,Bengaluru,Full-time,Medium,1348000
36,Master's,3,Project Manager,Noida,Full-time,Startup,1219000
22,Bachelor's,0,Database Administrator,Ahmedabad,Full-time,Large,861000
35,Bachelor's,12,Database Administrator,Gurugram,Full-time,Small,1266000
37,Master's,8,Business Analyst,Delhi,Full-time,Large,1301000
47,Bachelor's,12,Product Analyst,Ahmedabad,Part-time,Large,701000
24,Bachelor's,1,Web Developer,Pune,Part-time,Large,314000
37,Bachelor's,0,Project Manager,Noida,Full-time,Small,892000
32,Master's,8,Database Administrator,Bengaluru,Full-time,Small,1233000
24,Bachelor's,3,Business Analyst,Ahmedabad,Full-time,Small,559000
43,Bachelor's,13,Database Administrator,Noida,Full-time,Small,1687000
30,Master's,1,DevOps Engineer,Kolkata,Full-time,Large,1125000
25,Bachelor's,2,Software Engineer,Pune,Full-time,Medium,855000
38,PhD,13,Product Analyst,,Part-time,Large,1155000
33,Bachelor's,8,Web Developer,Delhi,Full-time,Large,1113000
55,Master's,11,DevOps Engineer,Noida,Full-time,Small,1582000
42,Bachelor's,16,DevOps Engineer,Bengaluru,Part-time,Large,1303000
28,Bachelor's,5,Web Developer,Hyderabad,Full-time,Medium,875000
52,Master's,5,Project Manager,,Full-time,Startup,1325000
39,Bachelor's,15,Software Engineer,Noida,Full-time,Startup,1409000
28,Master's,3,Product Analyst,Gurugram,Full-time,Medium,1219000
49,Master's,23,Business Analyst,Mumbai,Full-time,Large,2515000
36,Master's,2,Data Scientist,Kolkata,Full-time,Startup,894000
47,Bachelor's,8,Database Administrator,Hyderabad,Full-time,Medium,1276000
21,Master's,0,Product Analyst,Gurugram,Full-time,Startup,507000
31,Master's,6,Software Engineer,Chennai,Full-time,Startup,968000
44,Bachelor's,5,Business Analyst,Bengaluru,Full-time,Large,1277000
47,Bachelor's,12,Business Analyst,Delhi,Full-time,Small,1415000
27,Master's,0,ML Engineer,Hyderabad,Full-time,Large,1353000
36,Bachelor's,13,Data Analyst,Kolkata,Contract,Large,1541000
33,,4,Project Manager,Pune,Full-time,Small,1230000
50,Master's,9,Business Analyst,Noida,Part-time,Small,629000
30,Bachelor's,3,Project Manager,Bengaluru,Full-time,Large,1522000
48,Bachelor's,14,ML Engineer,Hyderabad,Full-time,Small,1803000
45,Bachelor's,18,Software Engineer,Bengaluru,Full-time,Large,2574000
26,Bachelor's,0,DevOps Engineer,Mumbai,Full-time,Medium,1095000
30,Bachelor's,1,Business Analyst,Mumbai,Full-time,Small,643000
41,Bachelor's,9,DevOps Engineer,Hyderabad,Full-time,Small,1438000
49,Master's,25,ML Engineer,Gurugram,Full-time,Medium,3269000
26,Bachelor's,4,Data Analyst,Gurugram,Contract,Medium,980000
33,Bachelor's,5,Data Analyst,Mumbai,Full-time,Large,1213000
53,Master's,14,Business Analyst,Hyderabad,Full-time,Small,1776000
51,Bachelor's,27,DevOps Engineer,Pune,Full-time,Startup,2507000
21,Bachelor's,0,Software Engineer,Gurugram,Full-time,Medium,688000
33,Bachelor's,8,Software Engineer,Chennai,Full-time,Small,1036000
40,Master's,16,Project Manager,Gurugram,Full-time,Startup,2181000
34,Master's,6,Data Analyst,Delhi,Full-time,Startup,935000
48,Bachelor's,20,Software Engineer,Ahmedabad,Full-time,Medium,1979000
29,Master's,0,Data Scientist,Hyderabad,Full-time,Large,1303000
33,Bachelor's,0,Data Scientist,Hyderabad,Full-time,Small,788000
44,Bachelor's,10,Product Analyst,Kolkata,Contract,Startup,908000
54,Bachelor's,9,DevOps Engineer,Kolkata,Full-time,Small,1152000
39,Bachelor's,3,,Noida,Full-time,Small,678000
45,Master's,5,Software Engineer,Hyderabad,Full-time,Startup,845000
24,Bachelor's,1,Software Engineer,Hyderabad,Part-time,Startup,423000
26,Bachelor's,4,Software Engineer,Delhi,Full-time,Large,1151000
44,Master's,18,ML Engineer,Mumbai,Full-time,Startup,2241000
35,Master's,8,DevOps Engineer,Chennai,Contract,Medium,1676000
43,Master's,11,Business Analyst,Hyderabad,Full-time,Small,1567000
25,Bachelor's,1,Data Analyst,Pune,Full-time,Medium,639000
34,Bachelor's,10,Project Manager,Noida,Full-time,Small,1372000
27,Bachelor's,5,DevOps Engineer,Mumbai,Full-time,Small,1274000
27,Bachelor's,4,Web Developer,Noida,Full-time,Small,1050000
24,Bachelor's,2,Software Engineer,Delhi,Full-time,Small,887000
26,Master's,4,Data Analyst,Noida,Full-time,Large,1156000
22,Master's,1,Business Analyst,Hyderabad,Contract,Startup,567000
40,Master's,4,Business Analyst,Kolkata,Full-time,Small,698000
23,PhD,2,Product Analyst,Hyderabad,Full-time,Large,1137000
43,Bachelor's,5,Data Scientist,Noida,Full-time,Large,1447000
31,Bachelor's,2,DevOps Engineer,Ahmedabad,Full-time,Startup,869000
41,Bachelor's,9,Data Analyst,Gurugram,Contract,Medium,1154000
23,Bachelor's,0,Business Analyst,Ahmedabad,Full-time,Medium,459000
23,Bachelor's,2,Web Developer,Chennai,Full-time,Medium,664000
32,Bachelor's,0,Data Scientist,Kolkata,Full-time,Large,866000
42,Bachelor's,5,Product Analyst,Ahmedabad,Full-time,Large,939000
23,Master's,2,Project Manager,Mumbai,Full-time,Large,1498000
44,Bachelor's,16,Software Engineer,Mumbai,Full-time,Medium,2221000
24,Bachelor's,0,Database Administrator,Bengaluru,Full-time,Large,1092000
44,Bachelor's,4,Product Analyst,Noida,Contract,Startup,628000
25,Master's,4,Web Developer,Mumbai,Full-time,Medium,1085000
42,Bachelor's,7,Web Developer,,Full-time,Medium,1112000
49,Bachelor's,2,Product Analyst,Chennai,Contract,Startup,560000
22,Master's,0,Data Analyst,Chennai,Full-time,Small,819000
37,Bachelor's,9,Product Analyst,Ahmedabad,Full-time,Small,1010000
54,Master's,3,Business Analyst,Pune,Part-time,Large,699000
33,Bachelor's,8,ML Engineer,Kolkata,Full-time,Small,1350000
30,Bachelor's,6,Product Analyst,Chennai,Full-time,Large,1220000
21,Bachelor's,0,Web Developer,Chennai,Part-time,Startup,217000
42,Master's,14,Product Analyst,Ahmedabad,Full-time,Large,1523000
28,Bachelor's,3,Business Analyst,Delhi,Full-time,Medium,919000
35,PhD,0,ML Engineer,Pune,Full-time,Medium,1306000
21,Bachelor's,0,Business Analyst,Mumbai,Full-time,Small,735000
25,Bachelor's,3,ML Engineer,Mumbai,Full-time,Medium,1299000
25,PhD,3,ML Engineer,Chennai,Full-time,Medium,1501000
42,Bachelor's,5,Software Engineer,Chennai,Full-time,Large,1123000
46,Bachelor's,19,Project Manager,Mumbai,Part-time,Small,1313000
33,Master's,1,Data Scientist,Delhi,Contract,Large,1419000
39,Bachelor's,15,Data Scientist,Chennai,Full-time,Small,1758000
39,Bachelor's,9,Software Engineer,Pune,Full-time,Medium,1281000
46,Master's,6,Web Developer,Pune,Contract,Startup,875000
47,Master's,1,Business Analyst,Bengaluru,Full-time,Large,1032000
50,Bachelor's,15,Product Analyst,Bengaluru,Part-time,Medium,1098000
29,PhD,0,Business Analyst,Delhi,Contract,Small,847000
51,Master's,9,DevOps Engineer,Delhi,Full-time,Medium,1663000
51,Master's,24,DevOps Engineer,Noida,Full-time,Startup,2091000
21,Bachelor's,0,DevOps Engineer,Bengaluru,Full-time,Medium,964000
25,Bachelor's,4,ML Engineer,Ahmedabad,Full-time,Startup,896000
47,Master's,9,Database Administrator,Chennai,Full-time,Startup,1079000
30,Bachelor's,7,ML Engineer,Gurugram,Full-time,Large,1781000
52,Bachelor's,27,DevOps Engineer,Kolkata,Contract,Large,2114000
45,Bachelor's,5,Product Analyst,Mumbai,Full-time,Small,1079000
44,PhD,13,Database Administrator,Gurugram,Contract,Large,1802000
52,Master's,19,Project Manager,Hyderabad,Part-time,Startup,1152000
49,Bachelor's,0,Data Scientist,Ahmedabad,Full-time,Startup,710000
54,Bachelor's,21,DevOps Engineer,Gurugram,Contract,Large,2438000
24,PhD,1,Business Analyst,Kolkata,Full-time,Medium,756000
43,Bachelor's,13,Data Scientist,Noida,Full-time,Medium,1883000
25,Master's,2,ML Engineer,Hyderabad,Full-time,Startup,1210000
23,Bachelor's,0,Project Manager,Noida,Full-time,Small,937000
35,Bachelor's,3,Web Developer,Chennai,Contract,Startup,510000
50,Master's,6,Database Administrator,Chennai,Full-time,Medium,1313000
35,Bachelor's,13,Business Analyst,Noida,Full-time,Small,1405000
38,Bachelor's,16,Web Developer,Kolkata,Contract,Large,1281000
39,Bachelor's,7,Business Analyst,Mumbai,Full-time,Small,1090000
39,Bachelor's,3,DevOps Engineer,Noida,Full-time,Small,951000
31,Master's,5,Data Scientist,Pune,Full-time,Medium,1420000
47,PhD,16,Product Analyst,Kolkata,Full-time,Small,1471000
47,Master's,11,Project Manager,Noida,Contract,Large,2084000
52,Bachelor's,25,Software Engineer,Hyderabad,Full-time,Startup,2356000
27,Master's,3,Data Analyst,Hyderabad,Full-time,Small,942000
46,Bachelor's,9,DevOps Engineer,Noida,Full-time,Medium,1285000
46,Master's,24,DevOps Engineer,Kolkata,Full-time,Startup,2075000
55,Bachelor's,29,DevOps Engineer,Pune,Contract,Small,2380000
35,,2,Data Analyst,Kolkata,Full-time,Startup,457000
33,Bachelor's,12,ML Engineer,Mumbai,Full-time,Medium,2104000
47,Master's,22,Web Developer,Gurugram,Full-time,Small,2158000
40,Master's,6,Web Developer,Bengaluru,Full-time,Medium,1104000
26,Master's,0,Product Analyst,Hyderabad,Full-time,Medium,905000
37,Bachelor's,8,Business Analyst,Mumbai,Full-time,Small,1278000
44,Bachelor's,4,ML Engineer,Pune,Full-time,Large,1464000
54,Bachelor's,3,Software Engineer,Hyderabad,Full-time,Medium,907000
49,Bachelor's,11,ML Engineer,Delhi,Contract,Startup,1374000
47,Master's,20,Data Scientist,Noida,Full-time,Medium,2280000
33,Bachelor's,4,Database Administrator,Bengaluru,Contract,Large,995000
44,Master's,16,Database Administrator,Pune,Contract,Medium,1953000
41,Master's,10,DevOps Engineer,Kolkata,Full-time,Small,1364000
55,Bachelor's,9,Business Analyst,Gurugram,Full-time,Small,1350000
33,Bachelor's,7,Project Manager,Noida,Full-time,Large,1572000
51,Bachelor's,11,Product Analyst,Hyderabad,Full-time,Medium,1422000
47,Bachelor's,11,Data Scientist,Bengaluru,Full-time,Small,1636000
38,Bachelor's,8,Product Analyst,Delhi,Contract,Small,1072000
28,Bachelor's,6,Data Scientist,Noida,Full-time,Small,1308000
51,Master's,15,Product Analyst,Noida,Full-time,Medium,1540000
22,Master's,1,Web Developer,Ahmedabad,Full-time,Small,537000
50,Bachelor's,7,ML Engineer,Delhi,Full-time,Large,1473000
44,Bachelor's,18,DevOps Engineer,Chennai,Full-time,Startup,1809000
52,Master's,7,Database Administrator,Pune,Full-time,Small,1083000
21,Bachelor's,0,Business Analyst,Kolkata,Full-time,Small,536000
52,Bachelor's,4,Database Administrator,Mumbai,Full-time,Medium,1003000
42,Master's,13,Data Scientist,Ahmedabad,Contract,Medium,1454000
22,Bachelor's,0,DevOps Engineer,Chennai,Full-time,Large,884000
45,Master's,17,Project Manager,Mumbai,Full-time,Medium,2653000
37,Master's,1,Project Manager,Mumbai,Full-time,Small,1351000
21,Bachelor's,0,Database Administrator,Mumbai,Full-time,Medium,754000
35,Master's,3,Data Analyst,Pune,Full-time,Startup,838000
21,Bachelor's,0,Project Manager,Bengaluru,Full-time,Small,1015000
23,Bachelor's,1,Software Engineer,Chennai,Full-time,Medium,682000
30,PhD,9,Data Scientist,Noida,Full-time,Large,1888000
52,Master's,0,Data Analyst,Hyderabad,Contract,Medium,565000
25,Master's,3,DevOps Engineer,Chennai,Full-time,Startup,1080000
36,Master's,10,DevOps Engineer,Noida,Full-time,Medium,1788000
46,Bachelor's,9,Data Scientist,Gurugram,Full-time,Small,1427000
27,Bachelor's,3,Project Manager,Noida,Full-time,Medium,1085000
25,Bachelor's,1,Data Analyst,Chennai,Full-time,Large,941000
48,Bachelor's,4,ML Engineer,Chennai,Full-time,Small,1087000
36,Bachelor's,2,Project Manager,Pune,Full-time,Large,1384000
44,,20,Project Manager,Mumbai,Full-time,Small,2705000
31,Bachelor's,8,Project Manager,Kolkata,Full-time,Medium,1518000
24,Master's,3,Business Analyst,Ahmedabad,Full-time,Medium,818000
38,Master's,2,ML Engineer,Ahmedabad,Part-time,Medium,556000
37,Bachelor's,13,Business Analyst,Noida,Full-time,Large,1896000
49,Bachelor's,16,Data Analyst,Ahmedabad,Full-time,Medium,1524000
24,Bachelor's,1,Business Analyst,Noida,Full-time,Medium,863000
54,Bachelor's,24,Data Analyst,Kolkata,Full-time,Startup,1855000
35,PhD,6,Web Developer,Kolkata,Full-time,Medium,972000
40,Master's,8,Project Manager,Noida,Full-time,Large,1891000
37,Bachelor's,10,ML Engineer,Noida,Full-time,Medium,1493000
27,,5,ML Engineer,Ahmedabad,Full-time,Startup,1149000
51,Bachelor's,1,Product Analyst,Noida,Contract,Large,930000
39,Master's,14,DevOps Engineer,Noida,Full-time,Small,1965000
31,Bachelor's,8,Data Scientist,Kolkata,Contract,Startup,1008000
40,Master's,16,DevOps Engineer,Hyderabad,Full-time,Small,1866000
44,Master's,10,Web Developer,Chennai,Full-time,Medium,1313000
28,Master's,0,Software Engineer,Ahmedabad,Part-time,Small,342000
51,Bachelor's,7,Data Analyst,Pune,Contract,Medium,1053000
48,Bachelor's,24,Data Analyst,Kolkata,Full-time,Medium,1740000
38,Bachelor's,6,Product Analyst,Noida,Full-time,Medium,1112000
46,Bachelor's,18,Business Analyst,Bengaluru,Contract,Small,2007000
22,Master's,0,Business Analyst,Kolkata,Full-time,Medium,776000
32,Bachelor's,7,DevOps Engineer,Delhi,Full-time,Small,1202000
22,Bachelor's,0,Database Administrator,Noida,Contract,Small,763000
30,Bachelor's,1,Web Developer,Mumbai,Full-time,Medium,725000
22,Bachelor's,0,Product Analyst,Bengaluru,Full-time,Medium,721000
47,Bachelor's,4,Project Manager,Kolkata,Full-time,Medium,1098000
49,Bachelor's,5,Database Administrator,Delhi,Full-time,Large,1177000
21,Bachelor's,0,Product Analyst,Kolkata,Full-time,Small,592000
51,Master's,25,Data Scientist,Delhi,Full-time,Medium,3008000
35,Master's,9,Business Analyst,Kolkata,Full-time,Medium,1324000
22,Master's,1,Software Engineer,Kolkata,Full-time,Large,640000
25,Bachelor's,4,Database Administrator,Pune,Full-time,Medium,1118000
40,Master's,16,Data Analyst,Pune,Full-time,Medium,2210000
50,Bachelor's,26,Database Administrator,Kolkata,Full-time,Medium,2172000
37,Bachelor's,10,Web Developer,Hyderabad,Full-time,Medium,1282000
48,Master's,2,Web Developer,Bengaluru,Full-time,Medium,869000
37,Master's,8,Project Manager,Hyderabad,Contract,Startup,1366000
25,Bachelor's,0,Database Administrator,Noida,Full-time,Medium,567000
22,Master's,0,DevOps Engineer,Mumbai,Part-time,Startup,417000
45,Bachelor's,0,Web Developer,Pune,Contract,Startup,486000
45,Bachelor's,20,DevOps Engineer,Mumbai,Full-time,Medium,2508000
25,Bachelor's,1,Data Analyst,Pune,Full-time,Startup,513000
23,Master's,1,Data Analyst,Pune,Contract,Large,948000
38,Master's,3,Project Manager,Hyderabad,Full-time,Startup,1127000
43,PhD,14,Business Analyst,Gurugram,Part-time,Medium,1244000
24,Master's,3,Data Scientist,Mumbai,Full-time,Small,1404000
39,Bachelor's,2,Product Analyst,Noida,Full-time,Large,840000
38,Master's,2,Product Analyst,Gurugram,Contract,Startup,747000
48,PhD,15,DevOps Engineer,Mumbai,Full-time,Large,2476000
50,Bachelor's,10,DevOps Engineer,Pune,Contract,Small,1456000
54,Master's,15,Data Scientist,Kolkata,Full-time,Medium,1376000
46,Bachelor's,16,ML Engineer,Kolkata,Contract,Medium,1886000
48,Bachelor's,12,Project Manager,Pune,Full-time,Small,1560000
39,Bachelor's,0,Web Developer,Mumbai,Full-time,Small,491000
43,Master's,4,Data Scientist,Hyderabad,Full-time,Large,1748000
43,Bachelor's,17,Web Developer,Pune,Full-time,Large,2147000
48,Master's,2,ML Engineer,Mumbai,Full-time,Startup,1310000
50,Bachelor's,10,Data Scientist,Delhi,Full-time,Small,1681000
21,Bachelor's,0,Database Administrator,Kolkata,Full-time,Large,734000
54,Master's,10,Product Analyst,Gurugram,Part-time,Large,1298000
23,Bachelor's,0,Project Manager,Bengaluru,Part-time,Small,518000
46,Bachelor's,5,Data Scientist,Delhi,Full-time,Startup,1014000
21,Master's,0,Software Engineer,Kolkata,Full-time,Startup,520000
34,Bachelor's,3,Software Engineer,Ahmedabad,Full-time,Medium,859000
50,Master's,10,Database Administrator,Noida,Full-time,Startup,1251000
47,Bachelor's,26,Product Analyst,Ahmedabad,Full-time,Large,2190000
45,Master's,18,ML Engineer,Mumbai,Full-time,Small,2498000
33,Master's,6,Data Analyst,Noida,Full-time,Small,660000
21,Bachelor's,0,Business Analyst,Bengaluru,Full-time,Large,650000
55,Bachelor's,8,Product Analyst,Delhi,Full-time,Large,1511000
23,Bachelor's,2,Data Scientist,Delhi,Contract,Startup,933000
46,Bachelor's,13,Business Analyst,Kolkata,Full-time,Medium,1369000
44,Master's,5,Project Manager,Kolkata,Full-time,Large,1599000
23,Bachelor's,1,DevOps Engineer,Pune,Full-time,Startup,844000
53,Bachelor's,28,Software Engineer,Chennai,Full-time,Small,2222000
36,Master's,7,Product Analyst,Gurugram,Full-time,Startup,1293000
42,Bachelor's,21,Software Engineer,Noida,Full-time,Large,2547000
31,Bachelor's,6,Project Manager,Ahmedabad,Full-time,Small,1083000
53,Master's,25,Database Administrator,Noida,Full-time,Startup,2211000
54,Master's,13,Software Engineer,Ahmedabad,Full-time,Small,1273000
23,Bachelor's,1,DevOps Engineer,Noida,Full-time,Large,1097000
32,PhD,0,DevOps Engineer,Ahmedabad,Contract,Startup,909000
39,PhD,10,ML Engineer,Ahmedabad,Full-time,Small,1594000
48,PhD,12,Project Manager,Kolkata,Contract,Large,2077000
22,Bachelor's,1,Business Analyst,Hyderabad,Full-time,Medium,603000
38,Bachelor's,10,Data Analyst,Pune,Full-time,Large,1599000
27,Master's,5,Data Scientist,Pune,Full-time,Large,1629000
50,,28,Product Analyst,Noida,Contract,Large,3259000
34,Bachelor's,5,Web Developer,Mumbai,Contract,Medium,879000
55,Bachelor's,30,Database Administrator,Hyderabad,Full-time,Startup,2599000
21,Bachelor's,0,Database Administrator,Kolkata,Contract,Medium,529000
42,Master's,5,Business Analyst,Hyderabad,Full-time,Medium,1057000
26,Bachelor's,3,ML Engineer,Kolkata,Full-time,Large,1258000
29,Bachelor's,7,Product Analyst,Bengaluru,Full-time,Medium,1411000
54,Bachelor's,32,Data Scientist,Pune,Contract,Large,3785000
32,Bachelor's,10,Web Developer,Mumbai,Full-time,Medium,1099000
39,Bachelor's,11,Software Engineer,Chennai,Full-time,Small,1341000
52,Master's,0,Data Analyst,Pune,Full-time,Medium,683000
41,Master's,9,Database Administrator,Gurugram,Full-time,Medium,1721000
55,Master's,10,Data Analyst,Pune,Full-time,Startup,1114000
38,Bachelor's,9,Product Analyst,Ahmedabad,Full-time,Medium,1138000
26,Bachelor's,1,Database Administrator,Mumbai,Full-time,Startup,716000
25,Bachelor's,4,Database Administrator,Hyderabad,Full-time,Large,1359000
46,Master's,9,Data Scientist,Bengaluru,Full-time,Medium,1923000
31,Master's,4,Database Administrator,Noida,Contract,Startup,988000
49,Master's,19,Data Scientist,Gurugram,Full-time,Large,2852000
53,Master's,18,,Gurugram,Full-time,Medium,2412000
47,Master's,11,Web Developer,Bengaluru,Full-time,Startup,1135000
31,Master's,1,ML Engineer,Mumbai,Contract,Medium,1271000
35,Master's,12,DevOps Engineer,Noida,Contract,Small,1478000
53,Bachelor's,29,Business Analyst,Kolkata,Full-time,Small,2099000
42,Bachelor's,19,Data Analyst,Kolkata,Full-time,Large,1795000
40,Master's,18,Project Manager,Ahmedabad,Full-time,Medium,2322000
53,Master's,27,Project Manager,Mumbai,Part-time,Medium,1353000
45,Bachelor's,13,ML Engineer,Ahmedabad,Full-time,Large,1962000
52,Bachelor's,22,Web Developer,Gurugram,Full-time,Small,2103000
47,Master's,17,DevOps Engineer,Mumbai,Full-time,Startup,2359000
32,Bachelor's,8,Project Manager,Kolkata,Contract,Small,1187000
31,Master's,4,Product Analyst,Hyderabad,Contract,Large,1250000
35,Bachelor's,3,Data Scientist,Gurugram,Full-time,Medium,1143000
55,Bachelor's,10,Data Analyst,Chennai,Full-time,Medium,1418000
39,Bachelor's,14,ML Engineer,Ahmedabad,Full-time,Startup,1425000
25,Bachelor's,0,DevOps Engineer,Pune,Full-time,Startup,767000
30,Bachelor's,1,Project Manager,Gurugram,Contract,Large,1272000
27,Master's,6,Software Engineer,Pune,Full-time,Small,1136000
49,Bachelor's,24,Project Manager,Bengaluru,Contract,Large,3352000
37,Master's,7,Database Administrator,Noida,Full-time,Small,1203000
48,Bachelor's,12,Database Administrator,Delhi,Full-time,Medium,1418000
26,Master's,1,Data Analyst,Gurugram,Full-time,Small,674000
41,,8,Web Developer,Pune,Full-time,Startup,775000
52,Master's,8,ML Engineer,Bengaluru,Full-time,Small,1793000
30,Master's,8,Data Analyst,Gurugram,Full-time,Medium,1467000
30,Master's,5,Database Administrator,Hyderabad,Part-time,Large,751000
39,Bachelor's,7,Product Analyst,Pune,Contract,Small,1165000
35,Master's,12,Data Scientist,Chennai,Full-time,Startup,1483000
53,PhD,12,Project Manager,Delhi,Full-time,Startup,2036000
32,Bachelor's,2,Software Engineer,Ahmedabad,Full-time,Large,955000
34,Bachelor's,13,Web Developer,Chennai,Contract,Startup,884000
55,Bachelor's,20,Software Engineer,Delhi,Full-time,Small,1773000
22,Bachelor's,0,Project Manager,Noida,Full-time,Medium,1058000
29,Master's,4,Database Administrator,Mumbai,Full-time,Startup,1056000
26,Bachelor's,3,Data Scientist,Noida,Full-time,Startup,1005000
34,Master's,3,Database Administrator,Hyderabad,Full-time,Startup,945000
25,Master's,4,Product Analyst,Ahmedabad,Contract,Startup,703000
31,Bachelor's,2,Data Analyst,Delhi,Full-time,Small,791000
41,Master's,14,Data Scientist,Hyderabad,Full-time,Startup,1851000
22,Master's,0,Data Scientist,Chennai,Contract,Startup,887000
21,Master's,0,DevOps Engineer,Delhi,Full-time,Large,1246000
50,Bachelor's,14,Project Manager,Delhi,Full-time,Startup,1860000
40,Bachelor's,14,Data Analyst,Delhi,Full-time,Medium,1765000
51,Master's,23,Business Analyst,Kolkata,Part-time,Large,1423000
47,Bachelor's,23,ML Engineer,Mumbai,Contract,Medium,2896000
53,Bachelor's,28,Software Engineer,Delhi,Full-time,Medium,2338000
22,Bachelor's,1,Data Analyst,Mumbai,Contract,Medium,605000
22,Bachelor's,0,Business Analyst,Noida,Full-time,Medium,642000
53,Bachelor's,25,Product Analyst,Pune,Contract,Medium,2440000
23,PhD,1,DevOps Engineer,Pune,Full-time,Large,1499000
38,Bachelor's,9,Project Manager,Delhi,Full-time,Medium,1824000
38,PhD,6,Project Manager,Gurugram,Contract,Large,1964000
34,Master's,3,Software Engineer,Gurugram,Contract,Large,1042000
34,Bachelor's,8,Web Developer,Delhi,Full-time,Startup,1003000
29,Bachelor's,6,DevOps Engineer,Hyderabad,Full-time,Startup,1223000
34,Master's,8,Project Manager,Gurugram,Full-time,Medium,1925000
47,Bachelor's,0,Web Developer,Ahmedabad,Full-time,Medium,479000
35,Bachelor's,9,ML Engineer,Bengaluru,Full-time,Small,1677000
30,Bachelor's,3,ML Engineer,Hyderabad,Contract,Small,1079000
46,Bachelor's,7,Web Developer,Mumbai,Full-time,Large,1133000
46,Bachelor's,6,Business Analyst,Bengaluru,Full-time,Large,1343000
43,Bachelor's,5,Project Manager,Gurugram,Full-time,Medium,1464000
46,PhD,2,Project Manager,Gurugram,Contract,Startup,1054000
47,Master's,21,DevOps Engineer,Bengaluru,Full-time,Small,2680000
45,Master's,17,Data Analyst,Ahmedabad,Full-time,Large,1809000
44,Bachelor's,13,ML Engineer,Chennai,Contract,Startup,1635000
27,Master's,3,Software Engineer,Delhi,Full-time,Startup,961000
38,Master's,14,Project Manager,Bengaluru,Full-time,Medium,2325000
42,Bachelor's,8,Product Analyst,Ahmedabad,Full-time,Medium,1045000
39,Bachelor's,10,Software Engineer,Gurugram,Contract,Large,1694000
45,Bachelor's,6,Data Scientist,Noida,Full-time,Medium,1183000
47,Bachelor's,12,Project Manager,Ahmedabad,Full-time,Medium,1571000
30,Master's,3,Project Manager,Hyderabad,Full-time,Medium,1400000
43,Bachelor's,15,Business Analyst,Chennai,Full-time,Small,1504000
40,Bachelor's,6,ML Engineer,Hyderabad,Contract,Startup,1196000
28,Bachelor's,1,Business Analyst,Mumbai,Full-time,Medium,904000
48,Bachelor's,23,Software Engineer,Noida,Full-time,Large,2976000
48,Bachelor's,0,Web Developer,Kolkata,Contract,Small,301000
48,Master's,12,DevOps Engineer,Noida,Full-time,Large,2102000
46,Master's,5,Software Engineer,Mumbai,Contract,Large,1229000
45,Bachelor's,6,Data Analyst,Ahmedabad,Full-time,Medium,949000
21,Bachelor's,0,Web Developer,Kolkata,Full-time,Medium,470000
30,,5,Software Engineer,Pune,Full-time,Large,1360000
35,Master's,14,Product Analyst,Mumbai,Full-time,Small,1738000
26,Bachelor's,3,Software Engineer,Bengaluru,Full-time,Medium,1116000
46,Master's,13,DevOps Engineer,Pune,Contract,Small,1467000
30,Bachelor's,6,Product Analyst,Kolkata,Full-time,Medium,980000
30,Bachelor's,5,Project Manager,Bengaluru,Contract,Large,1531000
50,Bachelor's,27,Project Manager,Ahmedabad,Full-time,Startup,1975000
48,Bachelor's,19,Business Analyst,Ahmedabad,Full-time,Medium,1588000
48,Bachelor's,9,Data Analyst,Mumbai,Full-time,Medium,1383000
43,Bachelor's,8,Database Administrator,Noida,Contract,Medium,1147000
47,Bachelor's,14,Data Scientist,Bengaluru,Full-time,Small,1974000
38,Bachelor's,11,Data Analyst,Noida,Full-time,Medium,1477000
34,Master's,9,Web Developer,Noida,Full-time,Startup,1214000
36,Master's,12,Data Scientist,Ahmedabad,Full-time,Startup,1549000
38,Master's,17,,Mumbai,Full-time,Startup,1976000
43,PhD,20,DevOps Engineer,Noida,Full-time,Startup,2354000
38,,8,Database Administrator,Ahmedabad,Full-time,Medium,1118000
45,Bachelor's,8,Database Administrator,Chennai,Full-time,Small,1131000
34,Bachelor's,3,ML Engineer,Pune,Contract,Startup,941000
39,Bachelor's,8,ML Engineer,Noida,Full-time,Medium,1763000
26,Bachelor's,1,Business Analyst,Pune,Full-time,Small,876000
29,Bachelor's,7,Data Scientist,Bengaluru,Full-time,Small,1431000
33,Bachelor's,1,Business Analyst,Noida,Full-time,Startup,669000
24,Bachelor's,2,Data Scientist,Kolkata,Full-time,Startup,893000
23,Bachelor's,2,DevOps Engineer,Hyderabad,Full-time,Medium,1116000
47,Master's,17,DevOps Engineer,Noida,Full-time,Small,2089000
33,Bachelor's,11,ML Engineer,Gurugram,Full-time,Small,1798000
46,Bachelor's,18,DevOps Engineer,Delhi,Full-time,Medium,2271000
30,Master's,9,Data Scientist,Pune,Full-time,Small,1611000
48,Bachelor's,3,Product Analyst,Kolkata,Full-time,Medium,787000
36,Bachelor's,1,Software Engineer,Bengaluru,Full-time,Large,1016000
32,Bachelor's,7,DevOps Engineer,Bengaluru,Full-time,Large,1674000
41,Master's,12,Software Engineer,Noida,Full-time,Large,1622000
29,Bachelor's,3,DevOps Engineer,Pune,Full-time,Medium,1086000
21,Bachelor's,0,DevOps Engineer,Mumbai,Full-time,Medium,1047000
36,Master's,7,Database Administrator,Chennai,Full-time,Small,1119000
55,Bachelor's,6,Product Analyst,Bengaluru,Full-time,Startup,1037000
34,Master's,2,Data Analyst,Kolkata,Contract,Large,839000
21,Bachelor's,0,ML Engineer,Hyderabad,Full-time,Small,1046000
23,Bachelor's,0,Product Analyst,Pune,Full-time,Startup,527000
36,Bachelor's,7,Web Developer,Mumbai,Contract,Large,1210000
23,Bachelor's,1,Product Analyst,Hyderabad,Full-time,Medium,712000
24,PhD,0,Web Developer,Kolkata,Full-time,Medium,732000
26,Master's,4,Product Analyst,Mumbai,Full-time,Startup,1170000
24,Bachelor's,2,Project Manager,Noida,Full-time,Large,1256000
42,Bachelor's,4,DevOps Engineer,Hyderabad,Full-time,Large,1468000
51,Master's,19,Database Administrator,Mumbai,Contract,Large,2295000
54,Master's,2,Database Administrator,Delhi,Full-time,Small,751000
33,Bachelor's,9,DevOps Engineer,Delhi,Full-time,Medium,1684000
32,Master's,6,DevOps Engineer,Hyderabad,Contract,Large,1480000
53,Master's,31,Data Scientist,Bengaluru,Full-time,Large,4541000
41,Bachelor's,19,DevOps Engineer,Bengaluru,Contract,Large,2428000
54,Bachelor's,23,Web Developer,Gurugram,Full-time,Small,1837000
23,Bachelor's,1,Project Manager,Pune,Contract,Large,961000
44,Bachelor's,15,Data Analyst,Bengaluru,Contract,Startup,1577000
22,Bachelor's,0,Data Analyst,Gurugram,Full-time,Medium,643000
54,Bachelor's,13,DevOps Engineer,Kolkata,Full-time,Medium,1356000
35,Bachelor's,8,ML Engineer,Delhi,Full-time,Small,1547000
39,Bachelor's,1,Product Analyst,Bengaluru,Contract,Large,840000
27,Master's,5,Web Developer,Kolkata,Full-time,Medium,777000
29,Master's,2,Business Analyst,Hyderabad,Contract,Startup,779000
54,Master's,26,Software Engineer,Kolkata,Full-time,Small,2178000
31,Master's,6,,Hyderabad,Full-time,Small,1030000
41,Master's,3,Product Analyst,Hyderabad,Full-time,Medium,890000
33,Bachelor's,6,Data Scientist,Delhi,Full-time,Startup,1352000
26,Master's,4,DevOps Engineer,Gurugram,Full-time,Small,1192000
23,Bachelor's,2,Product Analyst,Kolkata,Full-time,Medium,735000
47,Master's,7,Data Analyst,Mumbai,Contract,Medium,1154000
31,Master's,8,DevOps Engineer,Kolkata,Full-time,Medium,1334000
46,Bachelor's,12,Database Administrator,Kolkata,Full-time,Medium,1407000
45,Bachelor's,21,Data Scientist,Bengaluru,Contract,Large,3128000
42,Bachelor's,14,Business Analyst,Noida,Full-time,Small,1471000
52,Master's,10,Business Analyst,Pune,Full-time,Medium,1182000
22,Bachelor's,0,ML Engineer,Bengaluru,Full-time,Large,1275000
26,Bachelor's,1,Database Administrator,Mumbai,Full-time,Startup,924000
52,Master's,5,Business Analyst,Noida,Full-time,Medium,1008000
29,Bachelor's,1,ML Engineer,Ahmedabad,Full-time,Large,909000
24,Bachelor's,3,DevOps Engineer,Bengaluru,Full-time,Small,1170000
52,Bachelor's,28,Product Analyst,Gurugram,Full-time,Medium,2804000
33,Bachelor's,12,Product Analyst,Kolkata,Contract,Large,1180000
24,Bachelor's,3,ML Engineer,Kolkata,Full-time,Startup,940000
43,Master's,4,Data Analyst,Noida,Full-time,Small,932000
45,Master's,11,ML Engineer,Gurugram,Full-time,Large,2514000
30,Master's,1,Data Analyst,Mumbai,Full-time,Medium,966000
55,PhD,11,ML Engineer,Hyderabad,Full-time,Small,2019000
38,Bachelor's,17,Web Developer,Gurugram,Contract,Startup,1460000
53,Bachelor's,6,Software Engineer,Gurugram,Full-time,Small,1138000
28,Master's,2,Data Analyst,Hyderabad,Full-time,Medium,1009000
52,,28,Data Scientist,Kolkata,Full-time,Medium,2559000
35,PhD,11,Project Manager,Delhi,Full-time,Large,2575000
39,Bachelor's,15,Software Engineer,Hyderabad,Full-time,Medium,1873000
45,Bachelor's,21,Business Analyst,Ahmedabad,Full-time,Large,1804000
46,PhD,20,Business Analyst,Gurugram,Full-time,Medium,2354000
44,Bachelor's,4,Database Administrator,Chennai,Full-time,Startup,833000
37,Master's,0,Data Scientist,Chennai,Full-time,Medium,947000
51,Master's,23,Software Engineer,Kolkata,Full-time,Startup,1738000
45,Bachelor's,23,Database Administrator,Kolkata,Full-time,Medium,2002000
44,Bachelor's,22,Software Engineer,Gurugram,Full-time,Medium,2522000
38,Bachelor's,1,Business Analyst,Bengaluru,Contract,Startup,801000
30,Bachelor's,0,Project Manager,Chennai,Full-time,Small,792000
32,Bachelor's,0,Product Analyst,Noida,Full-time,Large,777000
47,Bachelor's,3,Product Analyst,Noida,Contract,Small,729000
54,Master's,0,Product Analyst,Delhi,Full-time,Startup,960000
39,PhD,4,ML Engineer,Delhi,Full-time,Large,1997000
37,Bachelor's,8,Project Manager,Delhi,Full-time,Startup,1377000
38,Master's,15,Database Administrator,Kolkata,Contract,Startup,1325000
21,Bachelor's,0,Business Analyst,Ahmedabad,Full-time,Small,408000
22,Master's,0,Business Analyst,Gurugram,Full-time,Large,970000
22,Bachelor's,1,ML Engineer,Kolkata,Part-time,Large,691000
37,Bachelor's,5,Software Engineer,Mumbai,Full-time,Large,1371000
55,Bachelor's,32,Database Administrator,Delhi,Full-time,Small,3043000
40,Bachelor's,10,ML Engineer,Ahmedabad,Full-time,Medium,1464000
47,Master's,10,Database Administrator,Pune,Contract,Large,1721000
24,Bachelor's,2,Product Analyst,Bengaluru,Contract,Small,728000
47,Bachelor's,2,Web Developer,Hyderabad,Full-time,Startup,656000
50,Master's,6,Software Engineer,Gurugram,Contract,Startup,1094000
33,PhD,12,Project Manager,Kolkata,Contract,Startup,1282000
50,Bachelor's,6,Product Analyst,Chennai,Full-time,Startup,900000
46,Bachelor's,25,Product Analyst,Gurugram,Full-time,Startup,2131000
29,Bachelor's,5,DevOps Engineer,Ahmedabad,Full-time,Startup,928000
30,Bachelor's,8,Project Manager,Bengaluru,Full-time,Medium,1509000
30,Master's,4,Software Engineer,Pune,Full-time,Startup,1023000
35,Bachelor's,3,Business Analyst,Hyderabad,Full-time,Small,693000
21,Master's,0,Software Engineer,Ahmedabad,Contract,Medium,821000
23,PhD,1,ML Engineer,Kolkata,Full-time,Startup,998000
40,Bachelor's,12,ML Engineer,Kolkata,Full-time,Medium,1462000
49,Bachelor's,15,Web Developer,Delhi,Full-time,Medium,1682000
42,Bachelor's,8,Data Scientist,Pune,Contract,Startup,1265000
35,Master's,8,Web Developer,Noida,Full-time,Large,1524000
26,Bachelor's,5,Data Analyst,Hyderabad,Contract,Medium,906000
47,Master's,11,DevOps Engineer,Chennai,Contract,Medium,1651000
24,Bachelor's,1,Database Administrator,Gurugram,Full-time,Startup,781000
46,Bachelor's,17,DevOps Engineer,Gurugram,Contract,Medium,2001000
52,Bachelor's,5,Business Analyst,Hyderabad,Full-time,Small,801000
32,Bachelor's,11,Web Developer,Pune,Contract,Startup,1039000
48,Master's,7,Product Analyst,Ahmedabad,Full-time,Large,1276000
50,Bachelor's,4,Project Manager,Noida,Contract,Medium,1386000
28,Bachelor's,3,Business Analyst,Chennai,Full-time,Startup,767000
31,Bachelor's,1,Data Scientist,Pune,Full-time,Large,1166000
35,Master's,10,DevOps Engineer,Kolkata,Contract,Medium,1506000
28,Master's,0,ML Engineer,Kolkata,Full-time,Small,850000
41,Master's,2,Product Analyst,Chennai,Contract,Medium,947000
21,PhD,0,Database Administrator,Delhi,Full-time,Medium,1000000
26,Bachelor's,0,Business Analyst,Noida,Full-time,Large,849000
38,Bachelor's,4,Business Analyst,Bengaluru,Full-time,Medium,848000
46,Bachelor's,11,Web Developer,Bengaluru,Part-time,Startup,678000
52,Bachelor's,30,Data Analyst,Noida,Full-time,Small,2560000
36,Bachelor's,4,DevOps Engineer,Pune,Contract,Startup,1073000
21,Bachelor's,0,Business Analyst,Chennai,Full-time,Small,441000
34,Bachelor's,9,DevOps Engineer,Hyderabad,Full-time,Small,1246000
26,Master's,1,Data Analyst,Mumbai,Full-time,Medium,948000
31,Master's,4,Project Manager,Delhi,Full-time,Startup,1409000
51,Bachelor's,16,Software Engineer,Gurugram,Full-time,Small,1986000
25,Bachelor's,4,Web Developer,Noida,Full-time,Startup,740000
46,Bachelor's,4,Data Scientist,Gurugram,Full-time,Small,1206000
45,Master's,3,ML Engineer,Bengaluru,Full-time,Large,1935000
47,Master's,4,Data Scientist,Mumbai,Full-time,Medium,1619000
44,Bachelor's,19,Database Administrator,Delhi,Full-time,Medium,2132000
53,PhD,5,Database Administrator,Noida,Full-time,Medium,1236000
35,Master's,4,Database Administrator,Noida,Full-time,Medium,1048000
54,Bachelor's,33,Business Analyst,Pune,Full-time,Large,3658000
29,Bachelor's,3,ML Engineer,Bengaluru,Part-time,Large,711000
23,Bachelor's,1,ML Engineer,Mumbai,Contract,Large,1253000
51,,6,Database Administrator,Pune,Full-time,Large,1276000
45,Bachelor's,19,Software Engineer,Hyderabad,Contract,Small,1945000
32,Bachelor's,8,Software Engineer,Hyderabad,Full-time,Medium,1326000
45,Bachelor's,13,Product Analyst,Mumbai,Contract,Small,1626000
38,Bachelor's,3,Data Analyst,Gurugram,Full-time,Medium,622000
27,Bachelor's,4,Web Developer,Mumbai,Contract,Small,895000
31,Master's,1,Database Administrator,Noida,Full-time,Medium,889000
38,Bachelor's,1,Product Analyst,Ahmedabad,Contract,Startup,476000
48,Master's,16,Software Engineer,Noida,Full-time,Large,1895000
49,Bachelor's,5,Data Scientist,Delhi,Contract,Medium,1198000
27,PhD,5,DevOps Engineer,Kolkata,Full-time,Small,1273000
29,,7,Project Manager,Delhi,Full-time,Medium,1246000
50,Master's,10,Database Administrator,Ahmedabad,Full-time,Medium,1079000
31,Master's,5,Data Analyst,Bengaluru,Full-time,Large,1337000
29,Bachelor's,4,Data Scientist,Kolkata,Full-time,Medium,1040000
45,Master's,8,Business Analyst,Noida,Full-time,Large,1672000
21,Master's,0,Product Analyst,Pune,Full-time,Startup,840000
36,Bachelor's,9,Project Manager,Pune,Full-time,Startup,1505000
52,Master's,0,DevOps Engineer,Chennai,Contract,Large,1074000
28,PhD,7,Data Scientist,Gurugram,Full-time,Large,1972000
33,Master's,4,Data Analyst,Chennai,Full-time,Medium,1027000
36,Master's,14,Web Developer,Noida,Full-time,Startup,1300000
28,Bachelor's,1,Project Manager,Pune,Part-time,Small,411000
37,PhD,8,DevOps Engineer,Mumbai,Full-time,Startup,1722000
55,Bachelor's,0,Web Developer,Gurugram,Full-time,Medium,583000
31,PhD,8,Web Developer,Ahmedabad,Contract,Small,971000
23,Master's,2,Software Engineer,Noida,Full-time,Large,986000
43,Bachelor's,10,DevOps Engineer,Bengaluru,Full-time,Small,1444000
27,Master's,0,Database Administrator,Ahmedabad,Full-time,Startup,464000
52,Bachelor's,13,Software Engineer,Noida,Contract,Small,1374000
40,PhD,2,Business Analyst,Kolkata,Full-time,Startup,655000
24,Master's,3,ML Engineer,Ahmedabad,Full-time,Large,1328000
49,Master's,7,Database Administrator,Bengaluru,Part-time,Startup,793000
45,Bachelor's,1,Business Analyst,Bengaluru,Full-time,Startup,663000
49,Master's,26,Software Engineer,Delhi,Full-time,Startup,2562000
29,Bachelor's,7,Software Engineer,Ahmedabad,Contract,Large,1019000
21,PhD,0,Product Analyst,Delhi,Contract,Medium,885000
41,Master's,1,Project Manager,Chennai,Full-time,Startup,907000
34,Master's,9,DevOps Engineer,Ahmedabad,Contract,Small,1002000
40,Bachelor's,6,Project Manager,Pune,Contract,Large,1484000
47,Master's,23,ML Engineer,Gurugram,Full-time,Startup,2649000
37,PhD,14,Business Analyst,Gurugram,Part-time,Large,1265000
42,Bachelor's,7,Business Analyst,Ahmedabad,Full-time,Large,1106000
26,Bachelor's,4,Software Engineer,Ahmedabad,Full-time,Large,994000
39,Bachelor's,10,Project Manager,Delhi,Full-time,Startup,1687000
28,Master's,6,Data Scientist,Gurugram,Full-time,Small,1378000
37,Master's,13,Web Developer,Delhi,Full-time,Startup,1535000
29,Bachelor's,8,ML Engineer,Bengaluru,Contract,Medium,1572000
47,Bachelor's,3,Product Analyst,Bengaluru,Full-time,Large,1066000
27,Bachelor's,6,Business Analyst,Chennai,Full-time,Medium,1106000
33,Master's,12,Business Analyst,Kolkata,Full-time,Startup,1387000
21,PhD,0,Data Analyst,Bengaluru,Full-time,Small,902000
28,Bachelor's,1,Database Administrator,Noida,Full-time,Medium,595000
53,Bachelor's,20,Project Manager,Delhi,Full-time,Startup,2427000
31,Bachelor's,1,Project Manager,Hyderabad,Full-time,Large,1252000
25,Bachelor's,2,Product Analyst,Gurugram,Full-time,Medium,1024000
21,PhD,0,Product Analyst,Chennai,Part-time,Medium,636000
50,Bachelor's,5,Business Analyst,Delhi,Contract,Startup,861000
55,Bachelor's,15,Database Administrator,Pune,Full-time,Large,2014000
45,Bachelor's,14,Data Analyst,Mumbai,Part-time,Large,738000
21,Master's,0,Product Analyst,Hyderabad,Contract,Large,1072000
29,Bachelor's,7,Business Analyst,Gurugram,Contract,Medium,1136000
33,Bachelor's,9,Business Analyst,Pune,Full-time,Startup,926000
50,Master's,2,Business Analyst,Delhi,Full-time,Medium,721000
37,Bachelor's,10,Software Engineer,Ahmedabad,Full-time,Small,1183000
53,PhD,20,Business Analyst,Mumbai,Full-time,Large,2699000
54,PhD,14,Business Analyst,Delhi,Full-time,Small,1740000
46,Master's,24,Project Manager,Pune,Full-time,Large,2896000
26,Bachelor's,0,Software Engineer,Hyderabad,Full-time,Startup,690000
26,Master's,2,Business Analyst,Hyderabad,Contract,Large,1018000
25,Bachelor's,3,DevOps Engineer,Chennai,Full-time,Medium,1069000
24,Bachelor's,0,ML Engineer,Bengaluru,Full-time,Large,1228000
54,Master's,18,Business Analyst,Delhi,Contract,Medium,1954000
34,Bachelor's,13,Product Analyst,Bengaluru,Full-time,Medium,1829000
50,Bachelor's,24,ML Engineer,Chennai,Contract,Small,2267000
45,Bachelor's,1,Web Developer,Pune,Full-time,Startup,758000
39,Bachelor's,10,Business Analyst,Mumbai,Contract,Medium,1661000
43,Bachelor's,1,Business Analyst,Pune,Full-time,Small,656000
47,Bachelor's,11,Software Engineer,Ahmedabad,Part-time,Medium,746000
55,Bachelor's,8,Project Manager,Gurugram,Full-time,Medium,1732000
31,Bachelor's,5,Web Developer,Mumbai,Full-time,Medium,881000
31,Master's,9,Data Scientist,Delhi,Full-time,Small,1403000
52,Master's,12,Database Administrator,Delhi,Full-time,Medium,1753000
54,Bachelor's,21,Database Administrator,Mumbai,Full-time,Small,2335000
48,Bachelor's,3,Project Manager,Kolkata,Full-time,Large,1207000
35,Bachelor's,2,Project Manager,Delhi,Full-time,Startup,1036000
41,Bachelor's,11,ML Engineer,Kolkata,Part-time,Small,843000
55,Bachelor's,32,Project Manager,Bengaluru,Full-time,Small,3170000
34,Master's,3,ML Engineer,Mumbai,Full-time,Startup,1350000
54,Bachelor's,23,Business Analyst,Kolkata,Full-time,Small,1629000
27,Bachelor's,5,Data Analyst,Chennai,Part-time,Startup,313000
31,Master's,3,Product Analyst,Delhi,Full-time,Medium,1099000
46,Bachelor's,13,Software Engineer,Noida,Full-time,Large,1837000
30,Bachelor's,8,DevOps Engineer,Delhi,Full-time,Startup,1271000
32,Bachelor's,3,Project Manager,Hyderabad,Contract,Medium,1100000
50,Bachelor's,0,Software Engineer,Bengaluru,Part-time,Small,463000
34,Master's,0,Data Analyst,Chennai,Contract,Medium,837000
35,Master's,8,Database Administrator,Pune,Full-time,Medium,1552000
38,Bachelor's,6,Business Analyst,Hyderabad,Full-time,Medium,1018000
32,PhD,7,Web Developer,Noida,Full-time,Medium,1282000
52,Master's,16,Data Scientist,Bengaluru,Full-time,Medium,2627000
46,Master's,8,Software Engineer,Mumbai,Full-time,Large,1675000
51,PhD,16,Data Scientist,Ahmedabad,Full-time,Medium,1897000
27,Master's,3,DevOps Engineer,Mumbai,Full-time,Medium,1496000
54,PhD,25,DevOps Engineer,Chennai,Full-time,Small,2536000
53,Bachelor's,1,Business Analyst,Gurugram,Full-time,Small,703000
29,Master's,8,Project Manager,Noida,Full-time,Medium,1691000
26,Bachelor's,0,Database Administrator,Chennai,Full-time,Large,886000
43,Bachelor's,8,DevOps Engineer,Gurugram,Full-time,Small,1319000
40,Master's,15,Web Developer,Ahmedabad,Full-time,Small,1070000
43,Master's,17,Project Manager,Noida,Full-time,Startup,2043000
49,Bachelor's,8,DevOps Engineer,Ahmedabad,Full-time,Medium,1071000
24,Master's,0,Data Analyst,Hyderabad,Full-time,Medium,776000
26,PhD,4,Product Analyst,Chennai,Full-time,Small,1225000
35,Master's,4,ML Engineer,Hyderabad,Full-time,Large,1712000
22,,1,Web Developer,Bengaluru,Full-time,Large,1019000
28,Master's,2,Data Analyst,Ahmedabad,Full-time,Small,634000
46,Master's,16,Product Analyst,Pune,Full-time,Medium,1976000
39,,5,Data Analyst,Chennai,Contract,Medium,880000
35,Bachelor's,14,Product Analyst,Bengaluru,Full-time,Medium,1884000
32,Bachelor's,0,DevOps Engineer,Ahmedabad,Full-time,Startup,691000
24,Master's,0,DevOps Engineer,Noida,Full-time,Medium,1087000
26,Bachelor's,2,DevOps Engineer,Mumbai,Full-time,Large,1226000
44,Bachelor's,20,Data Scientist,Chennai,Full-time,Small,2039000
50,Bachelor's,1,Database Administrator,Hyderabad,Full-time,Medium,673000
28,Master's,4,DevOps Engineer,Pune,Full-time,Medium,1458000
37,Bachelor's,5,Database Administrator,Noida,Part-time,Startup,667000
50,Bachelor's,9,ML Engineer,Delhi,Full-time,Small,1576000
30,Bachelor's,1,Product Analyst,Noida,Full-time,Small,764000
31,Bachelor's,0,ML Engineer,Bengaluru,Contract,Small,1057000
45,Bachelor's,16,Data Scientist,Kolkata,Full-time,Startup,1506000
26,Bachelor's,3,Product Analyst,Bengaluru,Full-time,Startup,755000
31,PhD,1,Data Analyst,Kolkata,Full-time,Small,704000
52,PhD,16,Product Analyst,Chennai,Full-time,Medium,2059000
36,Master's,12,Database Administrator,Hyderabad,Part-time,Small,941000
45,Bachelor's,11,DevOps Engineer,Delhi,Full-time,Large,2088000
30,Master's,1,Data Scientist,Pune,Full-time,Small,1015000
54,Bachelor's,19,Data Analyst,Hyderabad,Full-time,Medium,1979000
23,Bachelor's,2,Data Analyst,Noida,Full-time,Large,871000
21,Bachelor's,0,Project Manager,Pune,Contract,Startup,714000
29,Bachelor's,3,Project Manager,Mumbai,Full-time,Startup,1299000
51,Bachelor's,1,Software Engineer,Hyderabad,Full-time,Large,805000
36,Bachelor's,0,Data Scientist,Delhi,Full-time,Medium,961000
41,Master's,18,Software Engineer,Mumbai,Full-time,Large,2139000
53,Bachelor's,0,Web Developer,Bengaluru,Full-time,Large,713000
52,Bachelor's,12,Web Developer,Pune,Full-time,Startup,1053000
38,Master's,8,Business Analyst,Chennai,Full-time,Startup,1091000
22,Bachelor's,0,Business Analyst,Mumbai,Contract,Startup,643000
24,Bachelor's,2,Project Manager,Kolkata,Full-time,Startup,682000
55,Bachelor's,16,Data Analyst,Mumbai,Full-time,Small,1625000
24,PhD,2,Web Developer,Chennai,Full-time,Startup,777000
28,Bachelor's,7,Data Analyst,Delhi,Full-time,Startup,811000
48,Bachelor's,26,DevOps Engineer,Chennai,Full-time,Small,2335000
28,Bachelor's,6,DevOps Engineer,Ahmedabad,Full-time,Startup,736000
34,Master's,6,Data Scientist,Bengaluru,Part-time,Startup,611000
51,Master's,21,Web Developer,Kolkata,Full-time,Small,1868000
43,Bachelor's,6,Software Engineer,Chennai,Full-time,Startup,884000
33,Master's,8,Business Analyst,Chennai,Full-time,Medium,1555000
37,Bachelor's,5,Data Scientist,Ahmedabad,Contract,Small,885000
54,Master's,33,Project Manager,Mumbai,Full-time,Medium,4183000
51,Master's,2,Web Developer,Bengaluru,Full-time,Large,1031000
37,PhD,0,DevOps Engineer,Pune,Full-time,Medium,1322000
36,Bachelor's,4,Software Engineer,Gurugram,Full-time,Startup,882000
32,Bachelor's,10,Project Manager,Ahmedabad,Part-time,Small,590000
22,,1,DevOps Engineer,Pune,Full-time,Small,1012000
39,Master's,2,Product Analyst,Gurugram,Full-time,Startup,809000
43,Bachelor's,3,Data Analyst,Pune,Full-time,Large,918000
36,Bachelor's,6,Web Developer,Bengaluru,Full-time,Small,945000
26,Bachelor's,0,DevOps Engineer,Kolkata,Full-time,Small,769000
51,Master's,20,Project Manager,Pune,Contract,Medium,2135000
40,Bachelor's,6,Database Administrator,Gurugram,Full-time,Startup,935000
25,Bachelor's,4,Project Manager,Ahmedabad,Full-time,Small,1054000
31,Master's,10,Data Scientist,Delhi,Full-time,Medium,1912000
43,Bachelor's,17,Product Analyst,Gurugram,Full-time,Small,1758000
47,Bachelor's,16,Product Analyst,Noida,Contract,Small,1359000
40,Bachelor's,19,Database Administrator,Noida,Full-time,Small,1999000
47,Bachelor's,1,Product Analyst,Delhi,Full-time,Startup,625000
34,Bachelor's,3,DevOps Engineer,Mumbai,Full-time,Medium,1224000
35,Bachelor's,14,,Gurugram,Full-time,Large,2045000
51,Bachelor's,25,Product Analyst,Gurugram,Part-time,Small,1241000
37,Bachelor's,10,ML Engineer,Noida,Full-time,Small,1490000
53,Master's,13,Product Analyst,Chennai,Contract,Small,1249000
46,Bachelor's,17,Data Scientist,Gurugram,Full-time,Large,2465000
53,Bachelor's,5,ML Engineer,Hyderabad,Full-time,Large,1788000
35,Bachelor's,10,DevOps Engineer,Hyderabad,Full-time,Small,1638000
26,PhD,1,Database Administrator,Gurugram,Contract,Small,951000
47,Master's,9,Software Engineer,Delhi,Contract,Startup,1290000
43,Bachelor's,0,Data Analyst,Hyderabad,Full-time,Startup,536000
26,Master's,2,Product Analyst,Bengaluru,Full-time,Large,1202000
30,Master's,3,Product Analyst,Hyderabad,Full-time,Startup,850000
55,Bachelor's,30,Web Developer,Kolkata,Full-time,Startup,1953000
36,Master's,9,Project Manager,Gurugram,Contract,Medium,1677000
40,Master's,0,ML Engineer,Pune,Contract,Small,926000
23,,0,Data Analyst,Noida,Full-time,Startup,591000
53,Bachelor's,4,Software Engineer,Bengaluru,Full-time,Small,883000
46,Bachelor's,24,Web Developer,Bengaluru,Full-time,Startup,2231000
50,Bachelor's,17,Database Administrator,Kolkata,Full-time,Startup,1534000
22,Bachelor's,1,DevOps Engineer,Bengaluru,Contract,Medium,988000
23,Bachelor's,0,Data Analyst,Pune,Full-time,Startup,616000
47,PhD,19,Web Developer,Mumbai,Full-time,Medium,2554000
25,Master's,3,Data Analyst,Delhi,Full-time,Startup,699000
32,Bachelor's,6,ML Engineer,Delhi,Full-time,Medium,1534000
49,Master's,4,Product Analyst,Noida,Full-time,Medium,1186000
38,Bachelor's,2,ML Engineer,Hyderabad,Contract,Large,1302000
26,Bachelor's,2,DevOps Engineer,Mumbai,Full-time,Small,1047000
48,Master's,5,Data Scientist,Pune,Full-time,Medium,1521000
46,Master's,5,Database Administrator,Kolkata,Full-time,Startup,937000
32,Bachelor's,4,ML Engineer,Chennai,Full-time,Small,1138000
34,Master's,9,Data Analyst,Noida,Full-time,Large,1536000
43,Bachelor's,10,ML Engineer,Bengaluru,Full-time,Medium,1804000
23,Bachelor's,1,ML Engineer,Delhi,Full-time,Medium,1293000
53,Bachelor's,18,Software Engineer,Delhi,Contract,Large,2011000
48,Bachelor's,19,Product Analyst,Delhi,Full-time,Medium,2307000
40,Bachelor's,2,Database Administrator,Kolkata,Full-time,Large,784000
50,Bachelor's,10,Software Engineer,Delhi,Part-time,Large,943000
50,Master's,14,Database Administrator,Pune,Full-time,Large,2016000
31,PhD,10,Database Administrator,Ahmedabad,Contract,Large,1422000
35,Bachelor's,5,Data Scientist,Bengaluru,Full-time,Small,1421000
37,Bachelor's,8,,Hyderabad,Full-time,Startup,879000
53,PhD,17,Database Administrator,Kolkata,Part-time,Small,1020000
47,Bachelor's,26,Business Analyst,Chennai,Full-time,Small,2001000
21,Bachelor's,0,Project Manager,Hyderabad,Contract,Medium,1045000
30,Master's,8,Software Engineer,Chennai,Full-time,Large,1615000
25,Master's,3,Product Analyst,Kolkata,Full-time,Large,1031000
22,Bachelor's,0,Data Scientist,Ahmedabad,Full-time,Medium,870000
41,Bachelor's,0,ML Engineer,Mumbai,Part-time,Medium,571000
27,Bachelor's,1,Project Manager,Hyderabad,Full-time,Large,1291000
34,Bachelor's,3,Software Engineer,Bengaluru,Full-time,Startup,760000
29,Bachelor's,1,ML Engineer,Hyderabad,Full-time,Startup,955000
45,Master's,13,Product Analyst,Bengaluru,Full-time,Medium,1942000
37,Master's,14,Data Scientist,Delhi,Full-time,Medium,2174000
42,Bachelor's,20,Data Analyst,Pune,Full-time,Large,2592000
30,Master's,8,Software Engineer,Ahmedabad,Full-time,Large,1225000
44,Master's,22,Business Analyst,Ahmedabad,Part-time,Startup,934000
37,Bachelor's,14,Web Developer,Mumbai,Full-time,Medium,1498000
48,Bachelor's,18,Project Manager,Chennai,Full-time,Large,2153000
55,Bachelor's,0,Database Administrator,Mumbai,Full-time,Medium,691000
52,Bachelor's,5,Software Engineer,Gurugram,Full-time,Large,1311000
50,PhD,24,Data Scientist,Noida,Full-time,Medium,3027000
26,Master's,2,Business Analyst,Ahmedabad,Contract,Small,699000
27,Bachelor's,2,Software Engineer,Pune,Full-time,Startup,615000
23,Master's,0,Product Analyst,Gurugram,Contract,Small,755000
48,Bachelor's,24,Web Developer,Ahmedabad,Full-time,Large,1754000
40,Bachelor's,17,Software Engineer,Mumbai,Full-time,Startup,1693000
24,Master's,1,Product Analyst,Pune,Contract,Startup,814000
51,Bachelor's,20,ML Engineer,Delhi,Full-time,Small,2167000
42,Master's,10,Web Developer,Delhi,Full-time,Large,1599000
26,PhD,4,Project Manager,Hyderabad,Full-time,Large,1812000
27,Bachelor's,5,Product Analyst,Hyderabad,Full-time,Startup,963000
48,Master's,1,Software Engineer,Gurugram,Full-time,Small,815000
31,Bachelor's,4,ML Engineer,Delhi,Full-time,Medium,1335000
51,Master's,10,Project Manager,Pune,Full-time,Small,1501000
46,Bachelor's,0,Database Administrator,Pune,Full-time,Small,615000
24,Bachelor's,2,Data Scientist,Mumbai,Full-time,Large,1387000
37,Master's,12,Business Analyst,Ahmedabad,Contract,Large,1523000
38,Bachelor's,2,Project Manager,Bengaluru,Full-time,Large,1405000
55,Master's,29,ML Engineer,Delhi,Full-time,Small,2954000
40,Bachelor's,19,ML Engineer,Pune,Full-time,Medium,2126000
45,Bachelor's,4,Web Developer,Chennai,Full-time,Medium,775000
41,Bachelor's,9,Database Administrator,Pune,Full-time,Medium,1386000
37,Master's,0,Database Administrator,Noida,Full-time,Large,1025000
29,Bachelor's,4,Business Analyst,Mumbai,Contract,Small,767000
54,Bachelor's,13,Web Developer,Noida,Full-time,Startup,1126000
38,Bachelor's,1,Web Developer,Ahmedabad,Contract,Medium,559000
34,PhD,8,Data Scientist,Pune,Full-time,Large,2012000
38,Bachelor's,12,Business Analyst,Kolkata,Part-time,Large,838000
52,Master's,27,Software Engineer,Pune,Full-time,Small,2430000
52,Bachelor's,30,Software Engineer,Kolkata,Full-time,Startup,2177000
41,PhD,4,DevOps Engineer,Kolkata,Full-time,Large,1324000
51,Master's,0,Database Administrator,Bengaluru,Full-time,Startup,655000
52,Bachelor's,0,Data Analyst,Mumbai,Full-time,Startup,525000
45,Master's,5,Data Analyst,Pune,Full-time,Large,1297000
50,Bachelor's,19,Database Administrator,Kolkata,Full-time,Medium,1401000
21,Bachelor's,0,ML Engineer,Ahmedabad,Full-time,Large,1184000
35,Bachelor's,5,DevOps Engineer,Ahmedabad,Contract,Small,850000
27,Master's,6,Project Manager,Pune,Contract,Startup,1266000
54,Bachelor's,6,Software Engineer,Mumbai,Full-time,Startup,1202000
24,Master's,3,Software Engineer,Ahmedabad,Full-time,Large,1053000
51,Bachelor's,4,Project Manager,Noida,Part-time,Large,827000
48,Bachelor's,22,ML Engineer,Delhi,Full-time,Small,2428000
53,Bachelor's,13,Web Developer,Chennai,Full-time,Large,1774000
34,Master's,0,Business Analyst,Bengaluru,Full-time,Medium,861000
28,Master's,6,DevOps Engineer,Mumbai,Part-time,Startup,812000
26,Master's,3,ML Engineer,Hyderabad,Part-time,Large,914000
24,Bachelor's,2,ML Engineer,Chennai,Full-time,Large,1146000
23,Bachelor's,1,DevOps Engineer,Ahmedabad,Contract,Large,886000
34,Bachelor's,6,Web Developer,Gurugram,Contract,Small,895000
22,Bachelor's,0,Project Manager,Hyderabad,Full-time,Medium,1045000
55,Bachelor's,10,Business Analyst,Pune,Contract,Small,1096000
34,Bachelor's,5,Business Analyst,Noida,Part-time,Small,759000
34,Bachelor's,10,Product Analyst,Gurugram,Full-time,Large,1791000
39,Bachelor's,6,Database Administrator,Hyderabad,Full-time,Small,1137000
49,Bachelor's,27,ML Engineer,Chennai,Full-time,Medium,3110000
35,Master's,14,Database Administrator,Chennai,Full-time,Medium,1586000
23,PhD,1,Project Manager,Mumbai,Full-time,Small,1369000
47,Bachelor's,8,ML Engineer,Ahmedabad,Contract,Medium,1291000
29,Bachelor's,2,Product Analyst,Bengaluru,Contract,Large,1041000
29,Bachelor's,5,Web Developer,Chennai,Full-time,Startup,924000
41,Bachelor's,16,Database Administrator,Gurugram,Part-time,Small,921000
36,Master's,11,Project Manager,Delhi,Full-time,Startup,1567000
47,Bachelor's,15,Web Developer,Hyderabad,Full-time,Large,1738000
49,Bachelor's,4,Project Manager,Gurugram,Full-time,Small,1196000
47,Bachelor's,15,DevOps Engineer,Bengaluru,Full-time,Medium,2365000
35,Master's,5,ML Engineer,Pune,Full-time,Medium,1412000
29,Bachelor's,4,ML Engineer,Chennai,Full-time,Medium,1539000
55,PhD,27,Data Analyst,Kolkata,Full-time,Large,2042000
53,Bachelor's,6,Business Analyst,Chennai,Full-time,Medium,981000
34,Bachelor's,13,Product Analyst,Pune,Full-time,Medium,1507000
36,Bachelor's,1,Web Developer,Mumbai,Full-time,Large,657000
29,Bachelor's,0,DevOps Engineer,Ahmedabad,Full-time,Large,920000
50,Bachelor's,4,Web Developer,Kolkata,Full-time,Startup,578000
49,Master's,12,,Noida,Full-time,Large,2450000
30,Bachelor's,3,Product Analyst,Ahmedabad,Full-time,Startup,525000
46,Bachelor's,5,ML Engineer,Chennai,Full-time,Medium,1515000
31,Master's,6,ML Engineer,Delhi,Full-time,Medium,1643000
48,Bachelor's,12,ML Engineer,Chennai,Contract,Large,1850000
29,PhD,5,Data Analyst,Mumbai,Full-time,Medium,1312000
45,Bachelor's,8,ML Engineer,Mumbai,Contract,Medium,1664000
31,Bachelor's,2,Software Engineer,Mumbai,Full-time,Medium,805000
29,Master's,2,Data Analyst,Gurugram,Part-time,Medium,398000
55,PhD,16,Business Analyst,Pune,Contract,Medium,1991000
53,Bachelor's,21,Data Analyst,Mumbai,Full-time,Startup,2329000
44,Bachelor's,4,Database Administrator,Chennai,Full-time,Small,740000
36,PhD,7,Software Engineer,Pune,Full-time,Medium,1443000
42,Bachelor's,13,Software Engineer,Ahmedabad,Contract,Startup,1170000
43,Master's,15,Web Developer,Hyderabad,Contract,Large,2001000
27,Bachelor's,5,Data Analyst,Chennai,Full-time,Startup,537000
47,Bachelor's,14,Data Scientist,Delhi,Full-time,Startup,1560000
54,Master's,0,Business Analyst,Noida,Full-time,Startup,921000
43,Master's,9,Software Engineer,Hyderabad,Full-time,Large,1728000
36,Bachelor's,1,Data Scientist,Noida,Full-time,Medium,984000
44,Bachelor's,0,Data Analyst,,Full-time,Startup,685000
27,Master's,1,Data Analyst,Noida,Full-time,Large,791000
37,Master's,15,DevOps Engineer,Bengaluru,Part-time,Medium,1372000
53,Master's,25,Business Analyst,Mumbai,Contract,Medium,3035000
52,Master's,1,Web Developer,Noida,Full-time,Small,620000
35,Master's,14,Business Analyst,Chennai,Full-time,Small,1412000
26,Bachelor's,1,Data Scientist,Hyderabad,Full-time,Medium,1123000
34,Bachelor's,7,DevOps Engineer,Noida,Contract,Startup,1024000
31,PhD,2,Data Scientist,Delhi,Full-time,Startup,1115000
51,Master's,29,Web Developer,Mumbai,Full-time,Startup,2592000
31,Bachelor's,4,Web Developer,Delhi,Full-time,Startup,664000
31,Bachelor's,4,Data Analyst,Hyderabad,Full-time,Medium,937000
30,Master's,0,Database Administrator,Bengaluru,Full-time,Startup,709000
46,Bachelor's,3,Data Scientist,Hyderabad,Full-time,Large,1324000
48,Bachelor's,24,Web Developer,Mumbai,Full-time,Startup,1688000
47,Bachelor's,16,Data Scientist,Delhi,Full-time,Small,2167000
40,Master's,5,DevOps Engineer,Delhi,Full-time,Large,1776000
42,Bachelor's,17,Web Developer,Gurugram,Full-time,Small,1709000
21,Bachelor's,0,Software Engineer,Pune,Full-time,Large,750000
55,Bachelor's,12,Data Scientist,Gurugram,Contract,Medium,1910000
41,Bachelor's,9,Product Analyst,Delhi,Full-time,Large,1547000
47,Bachelor's,5,Data Analyst,Hyderabad,Full-time,Startup,763000
54,Master's,28,Data Analyst,Bengaluru,Full-time,Medium,2713000
39,Bachelor's,6,ML Engineer,Pune,Full-time,Medium,1606000
37,Bachelor's,9,Data Analyst,,Full-time,Medium,1230000
24,Bachelor's,2,Data Scientist,Ahmedabad,Full-time,Large,997000
22,Master's,0,Business Analyst,Hyderabad,Full-time,Large,942000
23,Master's,1,Web Developer,Gurugram,Full-time,Medium,811000
22,Master's,1,Data Scientist,Pune,Full-time,Large,1270000
33,Bachelor's,0,Business Analyst,Mumbai,Full-time,Large,803000
49,Bachelor's,5,Data Analyst,Kolkata,Full-time,Medium,662000
41,Master's,14,Database Administrator,Bengaluru,Contract,Startup,1849000
32,Bachelor's,5,Database Administrator,Hyderabad,Full-time,Medium,1257000
48,Bachelor's,4,ML Engineer,Bengaluru,Full-time,Medium,1376000
21,Master's,0,ML Engineer,Pune,Full-time,Medium,1227000
45,Bachelor's,5,ML Engineer,Mumbai,Contract,Startup,1273000
43,Bachelor's,15,Product Analyst,Noida,Full-time,Startup,1589000
49,Bachelor's,6,DevOps Engineer,Hyderabad,Contract,Medium,1262000
29,Bachelor's,7,DevOps Engineer,Ahmedabad,Full-time,Small,916000
22,PhD,0,Product Analyst,Ahmedabad,Full-time,Small,697000
25,Bachelor's,2,Data Analyst,Mumbai,Full-time,Large,1081000
40,Bachelor's,1,Business Analyst,Pune,Full-time,Startup,679000
25,Master's,1,Data Analyst,Delhi,Full-time,Medium,710000
24,Bachelor's,0,Product Analyst,Ahmedabad,Full-time,Startup,632000
49,Master's,27,Data Scientist,Bengaluru,Full-time,Medium,2856000
36,Bachelor's,11,DevOps Engineer,Kolkata,Full-time,Medium,1448000
27,Master's,2,Software Engineer,Noida,Contract,Medium,1138000
42,Bachelor's,1,Database Administrator,Bengaluru,Contract,Medium,830000
26,Master's,4,Business Analyst,Ahmedabad,Full-time,Small,888000
41,Master's,19,Business Analyst,Kolkata,Full-time,Large,1776000
46,,3,Software Engineer,Bengaluru,Full-time,Small,848000
21,Bachelor's,0,Business Analyst,Hyderabad,Full-time,Medium,690000
36,Bachelor's,9,Software Engineer,Ahmedabad,Full-time,Small,1122000
50,PhD,8,Project Manager,Hyderabad,Full-time,Startup,1488000
41,Bachelor's,7,Data Analyst,Noida,Contract,Medium,967000
41,Bachelor's,15,DevOps Engineer,Delhi,Contract,Small,1741000
44,Bachelor's,5,Software Engineer,Hyderabad,Full-time,Medium,1038000
25,Bachelor's,4,ML Engineer,Hyderabad,Full-time,Startup,1117000
48,Bachelor's,10,Project Manager,Bengaluru,Full-time,Large,1806000
48,Bachelor's,20,DevOps Engineer,Hyderabad,Full-time,Medium,2497000
30,Master's,2,ML Engineer,Ahmedabad,Full-time,Large,1229000
42,Bachelor's,15,Project Manager,Mumbai,Full-time,Small,2218000
21,Bachelor's,0,Data Scientist,Ahmedabad,Part-time,Small,436000
55,Bachelor's,3,Project Manager,Noida,Full-time,Startup,1038000
43,Bachelor's,9,Product Analyst,Hyderabad,Full-time,Startup,1007000
41,Bachelor's,10,Data Scientist,Hyderabad,Full-time,Large,1882000
28,Bachelor's,7,Product Analyst,Noida,Part-time,Medium,615000
43,Master's,1,Software Engineer,Bengaluru,Full-time,Large,995000
26,Master's,4,DevOps Engineer,Delhi,Full-time,Medium,1365000
40,Bachelor's,12,Product Analyst,Chennai,Contract,Large,1581000
44,Master's,8,Database Administrator,Pune,Full-time,Large,1692000
55,PhD,27,Business Analyst,Bengaluru,Full-time,Medium,3142000
43,Bachelor's,9,Data Scientist,Chennai,Full-time,Large,1880000
54,Master's,11,Project Manager,Kolkata,Full-time,Large,1852000
43,Bachelor's,17,Database Administrator,Gurugram,Full-time,Startup,1443000
21,Bachelor's,0,DevOps Engineer,Pune,Full-time,Medium,999000
35,Master's,14,Software Engineer,Chennai,Contract,Startup,1511000
29,,0,Data Analyst,Delhi,Contract,Large,840000
40,Bachelor's,19,Web Developer,Pune,Full-time,Medium,2143000
43,Master's,15,Software Engineer,Kolkata,Full-time,Large,1840000
24,Master's,2,Data Analyst,Delhi,Full-time,Startup,764000
36,Bachelor's,15,ML Engineer,Bengaluru,Full-time,Small,1865000
27,Master's,1,ML Engineer,Hyderabad,Full-time,Medium,1398000
34,Bachelor's,6,Data Analyst,Kolkata,Contract,Small,614000
55,Master's,20,ML Engineer,Kolkata,Contract,Medium,2422000
41,Master's,3,Database Administrator,Chennai,Contract,Startup,826000
44,Bachelor's,16,Database Administrator,Kolkata,Full-time,Startup,1185000
43,Bachelor's,22,Project Manager,Hyderabad,Full-time,Startup,2060000
36,Bachelor's,6,Web Developer,Pune,Contract,Medium,701000
31,Bachelor's,0,Software Engineer,Kolkata,Full-time,Small,580000
33,Bachelor's,11,Product Analyst,Delhi,Full-time,Large,1741000
35,Bachelor's,14,Business Analyst,Hyderabad,Contract,Large,1580000
50,Bachelor's,26,Web Developer,,Full-time,Medium,2534000
37,Bachelor's,1,Data Analyst,Bengaluru,Full-time,Startup,680000
46,Bachelor's,5,Data Analyst,Delhi,Full-time,Large,1069000
50,Bachelor's,22,DevOps Engineer,Ahmedabad,Full-time,Startup,1564000
50,Master's,10,Business Analyst,Gurugram,Full-time,Startup,1666000
23,Master's,0,Data Scientist,Gurugram,Full-time,Small,1123000
46,Master's,9,Web Developer,Delhi,Full-time,Medium,1493000
21,Bachelor's,0,Data Analyst,Gurugram,Full-time,Large,713000
36,Bachelor's,3,Software Engineer,Hyderabad,Contract,Large,970000
25,Bachelor's,4,Project Manager,Hyderabad,Full-time,Large,1375000
51,Bachelor's,21,Product Analyst,Chennai,Full-time,Small,2049000
51,Master's,3,Product Analyst,Bengaluru,Contract,Small,1254000
38,Bachelor's,13,DevOps Engineer,Bengaluru,Full-time,Startup,1548000
37,Bachelor's,2,Data Scientist,Ahmedabad,Full-time,Large,980000
42,Master's,9,DevOps Engineer,Kolkata,Full-time,Small,1332000
25,Bachelor's,3,Data Scientist,Pune,Contract,Small,1065000
39,Master's,10,Web Developer,Kolkata,Full-time,Small,881000
21,Master's,0,Business Analyst,Delhi,Full-time,Large,960000
39,Master's,17,Data Scientist,Ahmedabad,Full-time,Startup,1530000
55,Master's,17,Data Analyst,Bengaluru,Full-time,Large,2368000
25,Bachelor's,1,Web Developer,Gurugram,Full-time,Medium,731000
32,Bachelor's,3,Project Manager,Gurugram,Full-time,Startup,1053000
55,Bachelor's,11,Web Developer,Gurugram,Full-time,Startup,1020000
25,Bachelor's,3,Product Analyst,Delhi,Full-time,Medium,1036000
38,Bachelor's,14,Data Analyst,Chennai,Full-time,Medium,1405000
31,Master's,0,Project Manager,Pune,Full-time,Startup,946000
26,Master's,5,Data Analyst,Kolkata,Full-time,Medium,961000
41,Bachelor's,2,DevOps Engineer,Hyderabad,Full-time,Medium,1145000
44,Bachelor's,20,Data Scientist,Ahmedabad,Contract,Small,1863000
22,Bachelor's,0,Web Developer,Ahmedabad,Full-time,Small,531000
22,Master's,1,ML Engineer,Gurugram,Contract,Large,1526000
42,Master's,5,Data Analyst,Bengaluru,Full-time,Medium,1265000
38,PhD,8,DevOps Engineer,Ahmedabad,Full-time,Startup,1085000
31,Bachelor's,3,Product Analyst,Gurugram,Full-time,Medium,828000
46,PhD,3,Data Scientist,Hyderabad,Full-time,Startup,1291000
46,Bachelor's,16,Web Developer,Kolkata,Full-time,Large,1819000
30,Bachelor's,9,DevOps Engineer,Pune,Full-time,Large,1520000
46,Bachelor's,8,Product Analyst,Gurugram,Full-time,Startup,1101000
35,Master's,8,Data Scientist,Noida,Full-time,Medium,1562000
52,Bachelor's,14,Web Developer,Noida,Full-time,Startup,1102000
38,Bachelor's,12,DevOps Engineer,Pune,Full-time,Small,1607000
49,,10,Database Administrator,Noida,Full-time,Medium,1443000
51,Bachelor's,0,Project Manager,Delhi,Full-time,Small,823000
55,PhD,3,Business Analyst,Noida,Full-time,Large,1242000
23,Master's,2,ML Engineer,Ahmedabad,Full-time,Medium,1321000
53,Master's,15,Software Engineer,Delhi,Contract,Medium,2150000
54,PhD,16,Product Analyst,Noida,Full-time,Large,2122000
37,PhD,8,Business Analyst,Chennai,Contract,Startup,1094000
27,Master's,5,Data Scientist,Hyderabad,Full-time,Small,1195000
27,Bachelor's,1,Database Administrator,Gurugram,Full-time,Startup,646000
42,Bachelor's,3,Data Analyst,Ahmedabad,Full-time,Large,796000
33,Bachelor's,1,Business Analyst,Hyderabad,Contract,Startup,713000
25,Master's,3,Database Administrator,Bengaluru,Full-time,Medium,1216000
49,Bachelor's,18,Data Analyst,Gurugram,Full-time,Large,2273000
46,Bachelor's,12,Product Analyst,Delhi,Full-time,Medium,1469000
42,Master's,8,Web Developer,Noida,Full-time,Large,1534000
22,Bachelor's,0,Data Analyst,Noida,Contract,Startup,494000
36,Bachelor's,6,Data Scientist,Chennai,Contract,Large,1625000
31,Master's,5,Business Analyst,Bengaluru,Full-time,Medium,1505000
52,Bachelor's,5,Web Developer,Ahmedabad,Contract,Startup,582000
32,Bachelor's,8,Product Analyst,Gurugram,Full-time,Large,1512000
29,Master's,6,Data Scientist,Gurugram,Full-time,Medium,1705000
24,Bachelor's,2,Product Analyst,Delhi,Full-time,Startup,879000
46,Master's,1,Project Manager,Noida,Full-time,Small,1046000
32,Bachelor's,9,ML Engineer,Hyderabad,Contract,Startup,1354000
28,Bachelor's,6,Web Developer,Mumbai,Contract,Medium,921000
32,Bachelor's,8,Data Analyst,Pune,Full-time,Large,1073000
28,Master's,6,Business Analyst,Ahmedabad,Contract,Medium,1095000
53,Master's,21,Product Analyst,Hyderabad,Full-time,Medium,2246000
29,PhD,6,Web Developer,Noida,Contract,Medium,1078000
34,Master's,8,Data Scientist,Ahmedabad,Full-time,Medium,1251000
45,PhD,20,Web Developer,Hyderabad,Full-time,Large,2382000
50,Bachelor's,4,DevOps Engineer,Pune,Full-time,Medium,1110000
48,PhD,6,Business Analyst,Pune,Full-time,Medium,1531000
48,Bachelor's,17,Software Engineer,Noida,Part-time,Small,934000
50,Bachelor's,15,Data Analyst,Hyderabad,Contract,Small,1445000
41,Master's,16,Database Administrator,Gurugram,Full-time,Medium,2166000
21,Bachelor's,0,Project Manager,Mumbai,Full-time,Medium,1169000
46,Bachelor's,1,Web Developer,Ahmedabad,Part-time,Startup,180000
22,Master's,1,Software Engineer,Noida,Full-time,Medium,917000
24,Bachelor's,3,Product Analyst,Ahmedabad,Full-time,Medium,889000
49,Bachelor's,26,Project Manager,Pune,Full-time,Medium,2766000
54,Master's,27,Data Scientist,Ahmedabad,Full-time,Startup,2212000
26,Master's,5,Business Analyst,Hyderabad,Full-time,Startup,834000
34,Bachelor's,5,Software Engineer,Bengaluru,Full-time,Small,1207000
28,Bachelor's,0,ML Engineer,Kolkata,Contract,Small,857000
28,Bachelor's,5,Data Analyst,Ahmedabad,Part-time,Medium,504000
54,Master's,19,Project Manager,Chennai,Full-time,Startup,1935000
53,PhD,3,Business Analyst,Hyderabad,Full-time,Startup,1030000
42,Bachelor's,5,Product Analyst,Bengaluru,Full-time,Large,1425000
22,PhD,0,Database Administrator,Mumbai,Full-time,Small,1018000
29,Bachelor's,8,Data Analyst,Noida,Contract,Large,1339000
28,Master's,5,Data Analyst,Hyderabad,Full-time,Large,1224000
40,Bachelor's,2,Data Scientist,Gurugram,Full-time,Medium,1163000
21,Master's,0,Web Developer,Noida,Full-time,Medium,711000
35,PhD,2,Business Analyst,Hyderabad,Full-time,Medium,993000
51,Bachelor's,20,Software Engineer,Chennai,Full-time,Large,2331000
21,Bachelor's,0,ML Engineer,Gurugram,Full-time,Medium,1088000
39,Bachelor's,4,Web Developer,Mumbai,Full-time,Small,787000
41,Master's,18,Project Manager,Hyderabad,Full-time,Small,1996000
50,Master's,3,Project Manager,Mumbai,Full-time,Startup,1268000
50,Bachelor's,25,Data Scientist,Delhi,Full-time,Medium,3083000
36,Bachelor's,3,Web Developer,Noida,Full-time,Small,704000
44,Master's,5,Data Analyst,Pune,Full-time,Large,1356000
28,Bachelor's,2,DevOps Engineer,Kolkata,Full-time,Medium,846000
32,PhD,4,Database Administrator,Delhi,Full-time,Large,1485000
23,Bachelor's,2,Project Manager,Hyderabad,Contract,Medium,967000
25,Bachelor's,2,Business Analyst,Hyderabad,Full-time,Small,737000
49,Bachelor's,11,Software Engineer,Bengaluru,Contract,Medium,1646000
23,Bachelor's,1,Data Scientist,Gurugram,Full-time,Medium,1114000
48,Master's,10,DevOps Engineer,Hyderabad,Full-time,Large,2078000
21,Bachelor's,0,Database Administrator,Bengaluru,Contract,Startup,812000
36,Bachelor's,2,Data Analyst,Bengaluru,Full-time,Medium,788000
41,Bachelor's,1,Data Scientist,Pune,Full-time,Large,972000
36,Master's,2,Project Manager,Delhi,Full-time,Large,1574000
51,,3,Product Analyst,Chennai,Contract,Large,1160000
22,Bachelor's,0,Database Administrator,Pune,Full-time,Small,632000
46,Bachelor's,2,Software Engineer,Pune,Full-time,Large,855000
27,PhD,5,Product Analyst,Noida,Full-time,Startup,1213000
27,Bachelor's,4,Database Administrator,Delhi,Full-time,Medium,1127000
31,Master's,8,Database Administrator,Bengaluru,Full-time,Large,1664000
21,Master's,0,DevOps Engineer,Hyderabad,Full-time,Startup,905000
40,Master's,3,Web Developer,Mumbai,Full-time,Startup,701000
21,Master's,0,Database Administrator,Bengaluru,Full-time,Startup,909000
53,Master's,30,Web Developer,Hyderabad,Full-time,Startup,2561000
24,Master's,0,Data Scientist,Chennai,Full-time,Medium,1204000
29,Bachelor's,2,Product Analyst,Chennai,Part-time,Startup,438000
55,Bachelor's,30,Data Scientist,Ahmedabad,Full-time,Small,2117000
24,Bachelor's,3,Database Administrator,Kolkata,Full-time,Medium,910000
24,Bachelor's,2,Business Analyst,Kolkata,Full-time,Large,871000
26,Bachelor's,3,Product Analyst,Pune,Full-time,Small,873000
30,Bachelor's,4,Business Analyst,Pune,Full-time,Startup,802000
37,PhD,4,Web Developer,Ahmedabad,Contract,Large,1088000
53,Bachelor's,16,Data Analyst,Ahmedabad,Full-time,Large,1208000
51,Master's,15,Business Analyst,Noida,Full-time,Large,2078000
49,Master's,8,Database Administrator,Kolkata,Full-time,Small,1003000
55,Bachelor's,21,Software Engineer,Delhi,Full-time,Large,2153000
30,Master's,5,Data Scientist,Kolkata,Full-time,Startup,1186000
43,Bachelor's,10,Product Analyst,Chennai,Contract,Small,1267000
55,Master's,31,Data Analyst,Chennai,Full-time,Medium,2666000
49,Bachelor's,17,Data Analyst,Delhi,Full-time,Medium,1893000
25,Bachelor's,1,Software Engineer,Ahmedabad,Full-time,Startup,533000
36,Bachelor's,6,Product Analyst,Pune,Contract,Large,1118000
43,Master's,7,Data Scientist,Hyderabad,Full-time,Medium,1537000
38,Bachelor's,15,Data Analyst,Bengaluru,Full-time,Startup,1532000
32,Bachelor's,5,DevOps Engineer,Delhi,Full-time,Small,1280000
34,Bachelor's,13,Data Scientist,Kolkata,Contract,Startup,1368000
21,Bachelor's,0,Project Manager,Ahmedabad,Contract,Large,782000
39,Bachelor's,8,Product Analyst,Bengaluru,Full-time,Startup,1107000
38,Master's,0,Software Engineer,Ahmedabad,Contract,Medium,576000
43,Bachelor's,4,ML Engineer,Ahmedabad,Part-time,Medium,501000
52,Bachelor's,27,ML Engineer,Pune,Full-time,Small,2333000
36,Bachelor's,5,DevOps Engineer,Delhi,Contract,Medium,1110000
35,Bachelor's,6,Data Analyst,Hyderabad,Full-time,Medium,1031000
51,Bachelor's,30,Web Developer,Mumbai,Full-time,Medium,3414000
29,Master's,1,Data Scientist,Noida,Full-time,Large,1269000
49,Bachelor's,21,Business Analyst,Ahmedabad,Full-time,Small,1542000
40,Bachelor's,2,Web Developer,Pune,Full-time,Large,643000
50,Master's,19,Business Analyst,Ahmedabad,Full-time,Medium,2020000
48,Bachelor's,11,Data Analyst,Mumbai,Full-time,Medium,1582000
52,Master's,6,Web Developer,Pune,Full-time,Medium,1087000
48,Bachelor's,25,Web Developer,Mumbai,Full-time,Startup,1945000
30,Bachelor's,5,Web Developer,Hyderabad,Full-time,Small,881000
40,Bachelor's,9,Project Manager,Hyderabad,Full-time,Small,1588000
43,Master's,12,Software Engineer,Hyderabad,Full-time,Medium,1885000
40,Master's,2,Product Analyst,Hyderabad,Full-time,Medium,1060000
34,Master's,4,Business Analyst,Noida,Full-time,Medium,1087000
21,Master's,0,Data Scientist,Gurugram,Part-time,Small,579000
23,Master's,0,Database Administrator,Hyderabad,Full-time,Large,831000
47,PhD,19,Web Developer,Hyderabad,Full-time,Medium,1861000
36,Master's,10,Software Engineer,Kolkata,Full-time,Medium,1341000
43,Bachelor's,21,Product Analyst,Noida,Part-time,Medium,1368000
53,Bachelor's,2,DevOps Engineer,Chennai,Full-time,Large,1198000
40,Bachelor's,14,Data Analyst,Kolkata,Contract,Large,1732000
55,Bachelor's,20,Software Engineer,Ahmedabad,Contract,Large,1858000
40,Master's,15,Data Analyst,Delhi,Full-time,Startup,1641000
32,PhD,4,DevOps Engineer,Kolkata,Full-time,Small,1139000
28,Bachelor's,4,Web Developer,Kolkata,Full-time,Medium,661000
45,Master's,11,Data Scientist,Bengaluru,Full-time,Medium,2286000
40,Master's,9,DevOps Engineer,Chennai,Full-time,Large,2061000
37,Master's,0,Product Analyst,Mumbai,Contract,Startup,775000
43,Bachelor's,22,Software Engineer,Noida,Contract,Small,2170000
46,Bachelor's,19,Project Manager,Noida,Full-time,Large,3001000
48,PhD,6,Database Administrator,Gurugram,Full-time,Startup,1020000
51,,28,Software Engineer,Mumbai,Full-time,Medium,2719000
25,Bachelor's,1,Data Analyst,Bengaluru,Contract,Startup,699000
28,Bachelor's,4,DevOps Engineer,Hyderabad,Contract,Startup,1037000
49,Bachelor's,23,Project Manager,Mumbai,Full-time,Medium,2947000
41,Bachelor's,19,Software Engineer,Ahmedabad,Full-time,Startup,1494000
21,PhD,0,Data Scientist,Pune,Full-time,Large,1301000
45,Bachelor's,22,Data Scientist,Noida,Contract,Startup,2177000
49,PhD,5,Web Developer,Pune,Contract,Small,1072000
32,Bachelor's,9,DevOps Engineer,Mumbai,Full-time,Small,1750000
32,Bachelor's,0,Data Analyst,Delhi,Full-time,Small,512000
42,Bachelor's,3,Data Analyst,Ahmedabad,Full-time,Small,578000
40,Bachelor's,3,Data Scientist,Mumbai,Full-time,Startup,1250000
33,Bachelor's,0,Data Scientist,Chennai,Full-time,Startup,716000
27,Bachelor's,6,Web Developer,Delhi,Full-time,Medium,765000
51,Bachelor's,13,Web Developer,Mumbai,Full-time,Small,1101000
23,PhD,0,ML Engineer,Noida,Full-time,Large,1297000
51,Master's,18,ML Engineer,Gurugram,Full-time,Medium,2567000
34,Bachelor's,7,Data Scientist,Pune,Full-time,Startup,1359000
32,Bachelor's,0,Product Analyst,Delhi,Contract,Medium,763000
41,Bachelor's,16,Data Scientist,Mumbai,Full-time,Large,2763000
47,Bachelor's,18,Data Scientist,Delhi,Full-time,Startup,2115000
49,Bachelor's,19,Business Analyst,,Full-time,Medium,2047000
39,PhD,14,DevOps Engineer,Gurugram,Full-time,Medium,2307000
21,PhD,0,Software Engineer,Hyderabad,Full-time,Startup,564000
26,Bachelor's,1,DevOps Engineer,Hyderabad,Full-time,Small,834000
40,PhD,4,Software Engineer,Pune,Full-time,Medium,1092000
37,Bachelor's,11,Web Developer,Noida,Full-time,Medium,1257000
48,Bachelor's,25,Business Analyst,Pune,Full-time,Small,2608000
38,Bachelor's,16,DevOps Engineer,Pune,Contract,Large,2157000
36,Bachelor's,7,Business Analyst,Chennai,Contract,Startup,806000
48,Bachelor's,14,Software Engineer,Pune,Full-time,Startup,1637000
47,Bachelor's,12,ML Engineer,Delhi,Full-time,Startup,1920000
39,Master's,12,Business Analyst,Noida,Full-time,Small,1667000
31,Bachelor's,4,ML Engineer,Pune,Full-time,Medium,1269000
30,Master's,5,Product Analyst,Kolkata,Full-time,Small,786000
31,Master's,7,ML Engineer,Noida,Part-time,Large,1152000
30,Bachelor's,5,Software Engineer,Gurugram,Full-time,Large,1391000
42,Bachelor's,15,DevOps Engineer,Pune,Full-time,Large,2138000
25,Bachelor's,1,Business Analyst,Chennai,Full-time,Small,669000
54,Master's,18,Data Analyst,Ahmedabad,Full-time,Medium,1600000
47,Master's,8,Project Manager,Delhi,Contract,Large,1868000
55,Bachelor's,7,Data Scientist,Bengaluru,Full-time,Medium,1555000
23,Bachelor's,0,Web Developer,Noida,Full-time,Startup,409000
31,,7,ML Engineer,Delhi,Full-time,Large,1853000
53,Master's,28,Web Developer,Delhi,Contract,Large,2553000
39,Bachelor's,5,Data Analyst,Mumbai,Part-time,Large,701000
54,Bachelor's,4,Data Analyst,Chennai,Contract,Medium,817000
46,Bachelor's,7,DevOps Engineer,Pune,Part-time,Startup,685000
41,Bachelor's,2,Project Manager,Bengaluru,Full-time,Large,1247000
24,Bachelor's,1,Product Analyst,Bengaluru,Full-time,Medium,813000
33,Master's,0,Product Analyst,Kolkata,Full-time,Startup,762000
54,Bachelor's,2,Data Scientist,Hyderabad,Full-time,Large,1224000
42,Master's,9,Software Engineer,Hyderabad,Contract,Medium,1284000
27,Master's,1,Database Administrator,Delhi,Full-time,Small,856000
29,Master's,3,Product Analyst,Chennai,Full-time,Medium,993000
35,Bachelor's,9,Web Developer,Gurugram,Full-time,Large,1448000
41,Master's,10,ML Engineer,Bengaluru,Full-time,Startup,1793000
41,Bachelor's,14,Product Analyst,Ahmedabad,Full-time,Large,1644000
29,Bachelor's,6,Business Analyst,Kolkata,Full-time,Startup,771000
42,Bachelor's,21,ML Engineer,Delhi,Full-time,Large,2590000
54,Bachelor's,27,ML Engineer,Gurugram,Full-time,Small,2629000
27,Bachelor's,1,Database Administrator,Hyderabad,Full-time,Medium,923000
39,Master's,7,Project Manager,Mumbai,Full-time,Medium,1928000
26,Bachelor's,0,DevOps Engineer,Delhi,Full-time,Startup,948000
51,Bachelor's,30,Product Analyst,Bengaluru,Contract,Medium,3195000
54,Master's,33,Software Engineer,Hyderabad,Full-time,Medium,2687000
24,PhD,2,DevOps Engineer,Kolkata,Contract,Startup,932000
21,Bachelor's,0,Business Analyst,Ahmedabad,Full-time,Startup,481000
35,Master's,5,ML Engineer,Delhi,Full-time,Medium,1724000
54,Bachelor's,12,Data Scientist,Pune,Part-time,Large,1143000
30,Bachelor's,0,ML Engineer,Hyderabad,Contract,Startup,1131000
55,Master's,21,Data Analyst,Gurugram,Full-time,Startup,1634000
43,Master's,8,Web Developer,Chennai,Full-time,Small,1061000
48,Master's,16,,Gurugram,Contract,Medium,1622000
54,Bachelor's,19,Web Developer,Pune,Contract,Small,1951000
36,Bachelor's,10,Data Analyst,Delhi,Full-time,Large,1595000
45,Master's,21,ML Engineer,Bengaluru,Full-time,Startup,2249000
36,Bachelor's,6,Database Administrator,Kolkata,Contract,Startup,941000
30,Bachelor's,8,Data Analyst,Chennai,Contract,Medium,961000
34,Master's,9,,Ahmedabad,Contract,Large,1432000
47,Master's,13,Project Manager,Pune,Full-time,Medium,2188000
42,Bachelor's,21,Web Developer,Delhi,Full-time,Startup,1879000
32,Master's,5,DevOps Engineer,Delhi,Full-time,Medium,1566000
53,Bachelor's,28,Project Manager,Hyderabad,Full-time,Large,3774000
25,Master's,4,Data Scientist,Pune,Full-time,Large,1539000
26,Bachelor's,2,Web Developer,Pune,Full-time,Medium,766000
48,Bachelor's,3,Web Developer,Kolkata,Full-time,Large,659000
34,Bachelor's,1,Data Scientist,Hyderabad,Full-time,Startup,967000
45,Bachelor's,16,Web Developer,Bengaluru,Contract,Large,2106000
37,Master's,12,Data Scientist,Bengaluru,Part-time,Medium,1252000
49,Master's,13,Database Administrator,Kolkata,Full-time,Startup,1385000
55,Bachelor's,14,Product Analyst,Noida,Full-time,Startup,1395000
39,Master's,2,Project Manager,Hyderabad,Full-time,Small,1255000
28,Master's,2,ML Engineer,Chennai,Full-time,Startup,1022000
37,PhD,4,Product Analyst,Noida,Contract,Medium,1147000
53,Bachelor's,2,Data Analyst,Bengaluru,Full-time,Small,685000
44,Master's,10,Product Analyst,Mumbai,Full-time,Small,1658000
23,Master's,0,ML Engineer,Hyderabad,Contract,Medium,1306000
36,Master's,10,Database Administrator,Mumbai,Full-time,Large,1972000
21,Bachelor's,0,Data Scientist,Noida,Full-time,Startup,717000
37,PhD,8,Project Manager,Kolkata,Full-time,Small,1482000
43,Bachelor's,2,Data Analyst,Kolkata,Full-time,Small,757000
46,Bachelor's,1,Business Analyst,Noida,Full-time,Startup,733000
42,Bachelor's,1,Data Analyst,Chennai,Full-time,Small,625000
27,Bachelor's,2,ML Engineer,Chennai,Full-time,Medium,1167000
47,Bachelor's,14,Data Scientist,Chennai,Contract,Medium,1654000
43,Bachelor's,10,ML Engineer,Mumbai,Full-time,Small,1471000
54,Master's,2,Product Analyst,Hyderabad,Full-time,Startup,818000
24,Bachelor's,1,DevOps Engineer,Delhi,Full-time,Medium,881000
37,Bachelor's,16,Software Engineer,Kolkata,Full-time,Small,1255000
36,Master's,14,ML Engineer,Gurugram,Full-time,Large,2798000
37,Master's,8,Product Analyst,Delhi,Full-time,Large,1689000
42,Bachelor's,7,ML Engineer,Chennai,Full-time,Startup,1259000
21,,0,Product Analyst,Ahmedabad,Full-time,Startup,459000
30,Master's,5,Web Developer,Mumbai,Full-time,Small,879000
54,Bachelor's,0,Product Analyst,Bengaluru,Contract,Large,904000
38,Bachelor's,14,ML Engineer,Noida,Contract,Small,1812000
39,Master's,9,DevOps Engineer,Bengaluru,Full-time,Medium,1844000
44,Master's,4,Project Manager,Gurugram,Full-time,Small,1201000
45,Bachelor's,13,Software Engineer,Mumbai,Contract,Large,2143000
51,Bachelor's,28,Business Analyst,Ahmedabad,Full-time,Small,2170000
51,Master's,6,Business Analyst,Mumbai,Full-time,Large,1393000
35,PhD,2,Database Administrator,Gurugram,Full-time,Small,1039000
28,Master's,5,Software Engineer,Gurugram,Full-time,Medium,1446000
54,Bachelor's,12,DevOps Engineer,Chennai,Full-time,Large,1862000
50,Master's,2,Software Engineer,,Full-time,Startup,792000
28,Master's,6,Product Analyst,Chennai,Full-time,Large,1572000
24,Master's,1,Data Scientist,Gurugram,Full-time,Small,1045000
47,Bachelor's,16,Business Analyst,Ahmedabad,Full-time,Medium,1669000
55,Master's,27,Product Analyst,Delhi,Full-time,Small,2067000
43,Bachelor's,16,ML Engineer,Delhi,Full-time,Medium,2176000
36,Master's,1,DevOps Engineer,Noida,Contract,Startup,916000
47,Master's,4,Database Administrator,Gurugram,Full-time,Startup,1075000
47,Bachelor's,25,Product Analyst,Bengaluru,Full-time,Large,3094000
41,Bachelor's,19,Business Analyst,Gurugram,Full-time,Large,2785000
26,PhD,5,Software Engineer,Noida,Full-time,Startup,1136000
41,Bachelor's,6,ML Engineer,Bengaluru,Full-time,Large,1876000
32,Bachelor's,8,DevOps Engineer,Gurugram,Full-time,Startup,1460000
27,Bachelor's,0,ML Engineer,Bengaluru,Full-time,Small,1125000
37,Bachelor's,9,ML Engineer,Mumbai,Full-time,Large,1918000
38,Bachelor's,0,DevOps Engineer,Hyderabad,Contract,Medium,923000
43,Master's,22,Data Analyst,Mumbai,Full-time,Medium,2564000
50,Bachelor's,20,Database Administrator,Hyderabad,Part-time,Medium,1187000
52,Bachelor's,0,Product Analyst,Ahmedabad,Full-time,Medium,587000
28,Bachelor's,3,DevOps Engineer,Bengaluru,Full-time,Medium,1163000
53,Bachelor's,18,Business Analyst,Pune,Part-time,Large,1352000
26,Master's,0,Data Scientist,Pune,Full-time,Small,1106000
36,Master's,4,Database Administrator,Noida,Contract,Large,1136000
24,Bachelor's,2,ML Engineer,Kolkata,Full-time,Small,855000
54,Bachelor's,2,Product Analyst,Chennai,Full-time,Medium,821000
37,Bachelor's,15,Product Analyst,Hyderabad,Full-time,Small,1593000
24,PhD,1,Data Scientist,Bengaluru,Part-time,Large,908000
31,Bachelor's,8,Web Developer,Ahmedabad,Full-time,Small,869000
31,Master's,6,Software Engineer,Kolkata,Full-time,Startup,1022000
21,Bachelor's,0,Database Administrator,Ahmedabad,Full-time,Startup,597000
31,Bachelor's,0,Software Engineer,Mumbai,Full-time,Startup,871000
49,Master's,24,ML Engineer,Noida,Part-time,Medium,1471000
48,Bachelor's,10,Project Manager,Bengaluru,Full-time,Large,2289000
25,Master's,1,DevOps Engineer,Gurugram,Full-time,Large,1434000
33,Master's,10,Database Administrator,Delhi,Full-time,Large,1580000
54,Bachelor's,29,Web Developer,Ahmedabad,Part-time,Medium,888000
24,Bachelor's,1,Product Analyst,Ahmedabad,Contract,Startup,344000
32,PhD,6,Data Analyst,Kolkata,Full-time,Large,1120000
30,Bachelor's,4,ML Engineer,Pune,Full-time,Large,1454000
24,Master's,2,Business Analyst,Hyderabad,Full-time,Small,992000
32,Bachelor's,11,Project Manager,Mumbai,Full-time,Medium,2056000
33,Bachelor's,12,Web Developer,Hyderabad,Full-time,Small,1139000
24,Bachelor's,0,Data Scientist,Ahmedabad,Contract,Medium,643000
35,Bachelor's,6,Business Analyst,Hyderabad,Full-time,Small,1102000
36,PhD,1,Software Engineer,Ahmedabad,Full-time,Small,833000
55,Bachelor's,28,Business Analyst,Kolkata,Full-time,Small,1513000
36,Bachelor's,11,Project Manager,Mumbai,Full-time,Startup,1862000
44,Bachelor's,2,Data Analyst,Gurugram,Full-time,Startup,816000
33,Bachelor's,3,Data Scientist,Chennai,Contract,Large,1257000
27,Bachelor's,1,DevOps Engineer,Hyderabad,Full-time,Small,911000
49,Master's,20,Business Analyst,Hyderabad,Full-time,Startup,2235000
28,Bachelor's,3,ML Engineer,Pune,Full-time,Large,1492000
24,Master's,2,Business Analyst,Ahmedabad,Contract,Medium,832000
27,Bachelor's,0,ML Engineer,Hyderabad,Full-time,Small,1017000
26,Master's,5,Data Scientist,Chennai,Full-time,Medium,1500000
44,Bachelor's,8,Database Administrator,Mumbai,Full-time,Large,1806000
48,Bachelor's,2,Business Analyst,Delhi,Full-time,Small,835000
26,Bachelor's,2,Product Analyst,Noida,Contract,Startup,620000
34,Bachelor's,5,Software Engineer,Pune,Contract,Startup,987000
43,Bachelor's,19,DevOps Engineer,Mumbai,Contract,Medium,2046000
42,Master's,12,Software Engineer,Pune,Full-time,Medium,1857000
35,Master's,4,Project Manager,Delhi,Part-time,Large,912000
31,Master's,8,Project Manager,Bengaluru,Full-time,Medium,1855000
34,Bachelor's,0,Database Administrator,Chennai,Contract,Large,845000
26,Bachelor's,3,Data Analyst,Chennai,Contract,Medium,769000
24,Master's,2,Web Developer,Chennai,Full-time,Large,944000
55,Master's,30,DevOps Engineer,Pune,Full-time,Startup,2473000
55,Bachelor's,13,Data Scientist,Bengaluru,Contract,Small,1842000
45,Bachelor's,16,Software Engineer,Mumbai,Contract,Startup,1678000
33,Master's,7,Database Administrator,Bengaluru,Full-time,Startup,1268000
47,PhD,23,Software Engineer,Bengaluru,Full-time,Medium,3098000
23,Bachelor's,2,Web Developer,Gurugram,Full-time,Startup,661000
43,Master's,12,Database Administrator,Kolkata,Part-time,Small,677000
40,Master's,14,Product Analyst,Hyderabad,Contract,Small,1603000
34,Bachelor's,7,DevOps Engineer,Gurugram,Full-time,Large,1358000
34,Bachelor's,6,Project Manager,Kolkata,Full-time,Medium,1177000
37,Master's,4,Data Analyst,Bengaluru,Full-time,Small,1081000
48,Master's,14,Database Administrator,Hyderabad,Contract,Startup,1421000
41,Bachelor's,11,ML Engineer,Pune,Full-time,Small,1967000
42,Bachelor's,15,Data Scientist,Hyderabad,Full-time,Large,2100000
44,Bachelor's,2,Business Analyst,Hyderabad,Full-time,Startup,655000
23,Bachelor's,2,Product Analyst,Bengaluru,Full-time,Startup,770000
35,Bachelor's,3,Database Administrator,Chennai,Contract,Startup,890000
48,PhD,9,ML Engineer,Chennai,Full-time,Large,2197000
54,Master's,1,Product Analyst,Noida,Full-time,Small,850000
50,Master's,23,DevOps Engineer,Gurugram,Contract,Startup,2458000
22,Bachelor's,0,Data Analyst,Delhi,Full-time,Medium,539000
49,Master's,11,DevOps Engineer,Ahmedabad,Full-time,Large,1642000
53,Master's,1,Software Engineer,Chennai,Part-time,Small,502000
24,Bachelor's,3,Web Developer,Noida,Full-time,Small,521000
50,Bachelor's,15,Business Analyst,Kolkata,Full-time,Medium,1535000
35,Bachelor's,2,Product Analyst,Gurugram,Full-time,Medium,907000
31,Master's,6,Web Developer,Pune,Full-time,Large,1147000
21,Bachelor's,0,DevOps Engineer,Ahmedabad,Full-time,Large,917000
42,Master's,3,DevOps Engineer,Delhi,Full-time,Startup,1079000
43,Bachelor's,4,Software Engineer,Gurugram,Contract,Medium,836000
42,Bachelor's,11,Business Analyst,Pune,Full-time,Medium,1531000
28,Bachelor's,6,Product Analyst,Delhi,Full-time,Medium,1094000
36,Master's,14,Software Engineer,Pune,Full-time,Small,1679000
54,Master's,29,Data Analyst,Chennai,Full-time,Small,2506000
43,Bachelor's,17,DevOps Engineer,Hyderabad,Full-time,Large,2532000
31,,7,Database Administrator,Delhi,Contract,Large,1371000
37,Bachelor's,15,Data Analyst,Bengaluru,Full-time,Large,1865000
32,Master's,7,Data Analyst,Mumbai,Full-time,Large,1588000
29,PhD,0,ML Engineer,Chennai,Full-time,Medium,1191000
33,Master's,11,Data Scientist,Delhi,Full-time,Large,2127000
55,Bachelor's,3,Data Analyst,Noida,Contract,Medium,798000
26,Master's,5,Data Analyst,Noida,Full-time,Large,1279000
48,PhD,12,Software Engineer,Mumbai,Full-time,Startup,1493000
41,Bachelor's,20,Software Engineer,Ahmedabad,Full-time,Medium,1646000
32,Bachelor's,3,Business Analyst,Delhi,Full-time,Large,955000
34,PhD,6,Data Scientist,Gurugram,Full-time,Medium,1529000
45,Master's,9,Product Analyst,Bengaluru,Full-time,Large,1631000
25,Bachelor's,3,Business Analyst,Gurugram,Full-time,Medium,1024000
24,Master's,3,Data Scientist,Mumbai,Full-time,Medium,1396000
42,Bachelor's,5,Data Scientist,Chennai,Full-time,Medium,1268000
40,Bachelor's,16,DevOps Engineer,Ahmedabad,Full-time,Small,1352000
28,Bachelor's,3,Project Manager,Chennai,Full-time,Medium,1002000
34,Bachelor's,12,Software Engineer,Pune,Full-time,Large,2190000
32,Bachelor's,8,ML Engineer,Chennai,Full-time,Large,1794000
53,Master's,4,Data Scientist,Pune,Full-time,Large,1682000
38,Bachelor's,0,Data Scientist,Chennai,Full-time,Large,1112000
29,Bachelor's,7,DevOps Engineer,Gurugram,Full-time,Startup,1143000
36,Master's,12,Software Engineer,Chennai,Full-time,Startup,1526000
23,Bachelor's,2,ML Engineer,Bengaluru,Full-time,Medium,1299000
24,Master's,3,Web Developer,Pune,Full-time,Startup,819000
29,Bachelor's,5,Product Analyst,Kolkata,Full-time,Startup,773000
23,Bachelor's,1,Web Developer,Delhi,Full-time,Startup,380000
47,Bachelor's,12,Web Developer,Bengaluru,Full-time,Startup,1259000
43,Master's,21,DevOps Engineer,Delhi,Full-time,Medium,2309000
33,Bachelor's,3,Data Scientist,Gurugram,Full-time,Startup,957000
38,Bachelor's,6,Business Analyst,Kolkata,Full-time,Startup,859000
37,,2,,Mumbai,Full-time,Small,1080000
50,PhD,1,,Mumbai,Full-time,Startup,825000
29,Bachelor's,4,Product Analyst,Pune,Full-time,Large,936000
38,Master's,10,Web Developer,Noida,Full-time,Medium,1458000
26,Bachelor's,1,Business Analyst,Kolkata,Full-time,Medium,415000
44,Master's,10,Data Analyst,Hyderabad,Contract,Startup,1157000
38,Bachelor's,8,Business Analyst,Hyderabad,Full-time,Medium,1169000
30,Bachelor's,9,Software Engineer,Mumbai,Full-time,Startup,1419000
33,Master's,2,Project Manager,Noida,Contract,Medium,1125000
37,Bachelor's,2,Software Engineer,Chennai,Full-time,Small,838000
45,Bachelor's,24,Business Analyst,Mumbai,Full-time,Small,2056000
22,Bachelor's,0,ML Engineer,Bengaluru,Part-time,Medium,566000
21,Bachelor's,0,Business Analyst,Delhi,Full-time,Small,619000
41,PhD,11,ML Engineer,Chennai,Full-time,Large,2236000
54,Bachelor's,18,Software Engineer,Gurugram,Full-time,Medium,1903000
21,Bachelor's,0,Product Analyst,Hyderabad,Full-time,Small,666000
53,Master's,17,Data Analyst,Kolkata,Full-time,Startup,1317000
28,Bachelor's,3,Database Administrator,Mumbai,Full-time,Large,1246000
42,Bachelor's,15,Database Administrator,Noida,Full-time,Small,1767000
55,Bachelor's,15,Product Analyst,Bengaluru,Contract,Small,1750000
37,Master's,8,Product Analyst,Pune,Full-time,Small,1268000
44,Master's,4,Data Scientist,Hyderabad,Full-time,Small,1333000
52,Bachelor's,31,Software Engineer,Hyderabad,Full-time,Large,3733000
27,Master's,4,Database Administrator,Ahmedabad,Full-time,Medium,828000
41,PhD,16,Business Analyst,,Full-time,Small,1807000
41,PhD,0,DevOps Engineer,Delhi,Full-time,Large,1299000
41,PhD,18,Database Administrator,Ahmedabad,Full-time,Startup,1643000
27,Bachelor's,2,Web Developer,Mumbai,Full-time,Medium,689000
43,Master's,9,Business Analyst,Mumbai,Full-time,Startup,1239000
39,Bachelor's,15,ML Engineer,Pune,Full-time,Small,1977000
22,Master's,1,Data Analyst,Pune,Full-time,Large,856000
43,Bachelor's,11,Business Analyst,Kolkata,Contract,Medium,1132000
29,Master's,2,Business Analyst,Hyderabad,Full-time,Small,924000
44,Bachelor's,15,DevOps Engineer,Chennai,Contract,Medium,2004000
49,Bachelor's,1,DevOps Engineer,Kolkata,Full-time,Small,938000
44,Master's,20,Web Developer,Noida,Full-time,Large,2602000
55,Bachelor's,23,Web Developer,Pune,Full-time,Medium,2275000
44,Master's,11,DevOps Engineer,Ahmedabad,Full-time,Medium,1542000
22,Bachelor's,1,Project Manager,Mumbai,Contract,Startup,1064000
53,Bachelor's,21,DevOps Engineer,Ahmedabad,Full-time,Medium,1924000
29,Bachelor's,3,Software Engineer,,Full-time,Startup,738000
21,Bachelor's,0,Project Manager,Mumbai,Full-time,Startup,872000
46,Bachelor's,14,Data Scientist,Kolkata,Full-time,Large,1690000
49,Master's,13,Product Analyst,Pune,Full-time,Large,1869000
41,Bachelor's,16,Web Developer,Bengaluru,Full-time,Large,1936000
55,Master's,20,DevOps Engineer,Mumbai,Full-time,Large,3368000
41,Master's,3,Project Manager,Chennai,Full-time,Medium,1197000
44,Bachelor's,19,Product Analyst,Hyderabad,Contract,Medium,1987000
32,Bachelor's,1,ML Engineer,Chennai,Full-time,Medium,1068000
52,Bachelor's,19,DevOps Engineer,Pune,Part-time,Medium,1431000
41,Bachelor's,9,Software Engineer,Delhi,Full-time,Medium,1354000
27,PhD,2,Project Manager,Delhi,Contract,Startup,1002000
23,Master's,1,Database Administrator,Ahmedabad,Full-time,Medium,795000
25,Master's,3,DevOps Engineer,Ahmedabad,Full-time,Startup,924000
32,Bachelor's,3,Data Scientist,Delhi,Full-time,Large,1416000
37,Bachelor's,6,Data Analyst,Gurugram,Full-time,Large,1160000
54,PhD,22,Data Scientist,Mumbai,Contract,Medium,2629000
26,Master's,0,Product Analyst,Delhi,Full-time,Small,796000
44,Master's,7,Web Developer,Delhi,Full-time,Large,1344000
53,Bachelor's,31,Data Scientist,Bengaluru,Full-time,Small,2568000
31,Bachelor's,6,DevOps Engineer,Noida,Full-time,Small,1107000
22,Bachelor's,1,Software Engineer,Kolkata,Full-time,Medium,800000
40,Bachelor's,0,Software Engineer,Mumbai,Full-time,Small,724000
22,Bachelor's,1,ML Engineer,Kolkata,Full-time,Medium,985000
49,Bachelor's,26,Web Developer,Ahmedabad,Contract,Startup,1589000
44,Master's,9,Project Manager,Pune,Full-time,Large,2071000
21,Master's,0,DevOps Engineer,Pune,Full-time,Large,1073000
47,Master's,20,ML Engineer,Pune,Full-time,Large,2627000
34,Bachelor's,3,ML Engineer,Ahmedabad,Full-time,Small,1045000
30,Bachelor's,6,ML Engineer,Noida,Full-time,Medium,1417000
53,Bachelor's,6,Database Administrator,Mumbai,Full-time,Startup,1269000
50,Master's,28,ML Engineer,Mumbai,Contract,Large,3743000
46,Bachelor's,11,Data Analyst,Mumbai,Contract,Medium,1386000
25,Bachelor's,0,Database Administrator,Bengaluru,Contract,Medium,751000
38,Master's,9,Software Engineer,Ahmedabad,Full-time,Medium,1182000
26,Bachelor's,2,ML Engineer,Noida,Full-time,Startup,1033000
21,Bachelor's,0,Data Analyst,Noida,Full-time,Medium,664000
47,Master's,17,Business Analyst,Noida,Full-time,Small,1748000
42,PhD,14,ML Engineer,Mumbai,Full-time,Small,2130000
54,,22,Product Analyst,Bengaluru,Contract,Startup,2239000
39,Master's,5,Product Analyst,Pune,Full-time,Small,997000
28,,3,Software Engineer,Gurugram,Full-time,Medium,1232000
25,Master's,2,DevOps Engineer,Kolkata,Contract,Large,1225000
23,Master's,0,Project Manager,Delhi,Full-time,Startup,1210000
29,Bachelor's,3,Project Manager,Kolkata,Full-time,Startup,975000
31,Master's,7,Web Developer,Ahmedabad,Full-time,Medium,1202000
33,Master's,4,ML Engineer,Delhi,Contract,Small,1282000
52,Bachelor's,20,Data Scientist,Pune,Part-time,Startup,1087000
39,Master's,10,Business Analyst,Mumbai,Full-time,Large,1804000
38,Master's,15,Data Analyst,Bengaluru,Part-time,Startup,974000
22,Bachelor's,1,Software Engineer,Gurugram,Full-time,Medium,746000
52,Master's,18,Data Analyst,Ahmedabad,Full-time,Large,1717000
50,Bachelor's,27,ML Engineer,Mumbai,Full-time,Startup,2961000
30,Master's,9,Project Manager,Noida,Full-time,Medium,1730000
24,Bachelor's,2,Data Scientist,Pune,Full-time,Medium,1087000
34,Bachelor's,0,Data Scientist,Mumbai,Full-time,Small,1036000
34,Master's,1,Product Analyst,Pune,Full-time,Large,1161000
36,Master's,0,Project Manager,Hyderabad,Full-time,Medium,1264000
40,Bachelor's,11,DevOps Engineer,Delhi,Full-time,Large,2016000
54,Bachelor's,31,DevOps Engineer,Chennai,Full-time,Startup,2293000
39,Master's,17,DevOps Engineer,Gurugram,Contract,Large,2649000
46,PhD,2,DevOps Engineer,Mumbai,Full-time,Large,1538000
22,Bachelor's,1,DevOps Engineer,Hyderabad,Full-time,Medium,1027000
38,Master's,0,Data Scientist,Delhi,Full-time,Medium,964000
23,PhD,1,Software Engineer,Ahmedabad,Contract,Medium,852000
24,Bachelor's,0,Web Developer,Mumbai,Contract,Startup,491000
44,Bachelor's,9,DevOps Engineer,Hyderabad,Full-time,Startup,1250000
27,Bachelor's,0,DevOps Engineer,Ahmedabad,Full-time,Startup,782000
43,Bachelor's,11,Business Analyst,Bengaluru,Full-time,Startup,1183000
24,Bachelor's,3,Data Analyst,Noida,Full-time,Large,883000
35,Bachelor's,7,Software Engineer,Pune,Full-time,Small,1140000
25,Bachelor's,3,Business Analyst,Bengaluru,Full-time,Medium,1137000
31,Master's,0,Business Analyst,Bengaluru,Contract,Large,927000
47,Bachelor's,25,,Hyderabad,Part-time,Small,1050000
30,Bachelor's,7,Web Developer,Mumbai,Full-time,Medium,1398000
26,Bachelor's,4,Web Developer,Ahmedabad,Full-time,Large,643000
52,Master's,1,Database Administrator,Chennai,Full-time,Medium,924000
25,Bachelor's,1,Database Administrator,Ahmedabad,Full-time,Large,704000
43,Bachelor's,16,Data Analyst,Ahmedabad,Contract,Small,1495000
39,Bachelor's,15,Product Analyst,Chennai,Full-time,Large,1711000
44,Bachelor's,0,DevOps Engineer,Hyderabad,Contract,Startup,738000
21,PhD,0,Web Developer,Gurugram,Full-time,Startup,764000
28,Master's,4,Data Analyst,Mumbai,Full-time,Large,1333000
42,Bachelor's,10,Data Scientist,Gurugram,Contract,Small,1578000
37,Bachelor's,0,Project Manager,Mumbai,Full-time,Medium,1180000
23,Bachelor's,0,Web Developer,Gurugram,Full-time,Large,721000
29,Bachelor's,5,Project Manager,Hyderabad,Full-time,Small,1263000
46,PhD,6,Software Engineer,Mumbai,Full-time,Medium,1440000
43,Master's,18,Software Engineer,Pune,Full-time,Startup,1725000
38,Bachelor's,7,Data Analyst,Noida,Full-time,Small,1051000
29,Master's,3,Web Developer,Bengaluru,Full-time,Small,935000
31,Master's,2,Business Analyst,Kolkata,Contract,Small,706000
22,Bachelor's,0,Project Manager,Hyderabad,Full-time,Medium,1016000
37,Bachelor's,14,Product Analyst,Ahmedabad,Full-time,Startup,1086000
52,Bachelor's,1,Project Manager,Noida,Part-time,Startup,571000
55,Master's,1,Project Manager,Noida,Contract,Medium,1230000
39,Master's,18,Data Scientist,Kolkata,Full-time,Startup,1529000
26,Master's,1,Database Administrator,Noida,Full-time,Large,1083000
54,Master's,29,Data Scientist,Kolkata,Full-time,Startup,1967000
24,Master's,3,Web Developer,Hyderabad,Full-time,Large,965000
38,Bachelor's,12,Data Scientist,Pune,Full-time,Small,1713000
44,Master's,19,Database Administrator,Ahmedabad,Full-time,Large,2192000
54,Bachelor's,21,DevOps Engineer,Delhi,Contract,Large,2330000
28,Bachelor's,5,DevOps Engineer,Delhi,Contract,Medium,999000
51,Bachelor's,20,Data Scientist,Ahmedabad,Full-time,Small,1491000
50,Master's,8,Software Engineer,Chennai,Full-time,Large,1551000
42,PhD,2,Product Analyst,Noida,Full-time,Medium,1088000
23,Bachelor's,2,Project Manager,Hyderabad,Contract,Medium,956000
39,Master's,8,Data Analyst,Kolkata,Contract,Medium,1313000
43,Bachelor's,22,ML Engineer,Hyderabad,Contract,Medium,2681000
27,Bachelor's,3,DevOps Engineer,Chennai,Full-time,Large,1164000
24,Bachelor's,2,Business Analyst,Bengaluru,Contract,Medium,751000
46,Bachelor's,3,Database Administrator,Bengaluru,Full-time,Startup,854000
42,Bachelor's,12,Web Developer,Delhi,Full-time,Small,1117000
22,Bachelor's,1,Data Analyst,Noida,Contract,Startup,501000
26,Master's,5,Database Administrator,Bengaluru,Full-time,Startup,1168000
41,Master's,3,Database Administrator,Chennai,Full-time,Medium,995000
36,Bachelor's,11,Data Analyst,Gurugram,Contract,Large,1639000
40,Bachelor's,5,Software Engineer,Chennai,Contract,Medium,795000
42,Master's,19,Software Engineer,Bengaluru,Full-time,Medium,2641000
55,Master's,23,Data Scientist,Hyderabad,Full-time,Large,2748000
52,Master's,5,Web Developer,Bengaluru,Full-time,Medium,1101000
32,PhD,2,Business Analyst,Chennai,Full-time,Small,980000
54,Bachelor's,9,,Chennai,Part-time,Medium,748000
32,Master's,0,Software Engineer,Chennai,Full-time,Small,713000
52,Master's,7,Data Scientist,Delhi,Full-time,Medium,1766000
24,Bachelor's,0,Business Analyst,Chennai,Contract,Startup,577000
22,Master's,1,ML Engineer,Mumbai,Full-time,Small,1321000
30,Bachelor's,4,Project Manager,Mumbai,Full-time,Large,1632000
35,Master's,2,Database Administrator,Ahmedabad,Full-time,Small,923000
55,Bachelor's,18,ML Engineer,Hyderabad,Full-time,Large,2912000
40,Bachelor's,15,ML Engineer,Gurugram,Full-time,Large,2777000
31,Bachelor's,7,Software Engineer,Noida,Full-time,Startup,970000
48,Bachelor's,17,Database Administrator,Mumbai,Full-time,Large,2013000
25,Bachelor's,0,Software Engineer,Gurugram,Full-time,Medium,893000
48,Bachelor's,16,ML Engineer,Noida,Full-time,Small,2118000
54,Bachelor's,12,Data Analyst,Bengaluru,Full-time,Startup,1447000
35,Master's,11,Product Analyst,Bengaluru,Full-time,Startup,1273000
45,Bachelor's,6,Product Analyst,Hyderabad,Full-time,Medium,1155000
53,Master's,29,Business Analyst,Chennai,Full-time,Large,3104000
47,Master's,17,Business Analyst,Mumbai,Full-time,Medium,1936000
40,Master's,6,Data Analyst,Ahmedabad,Contract,Small,818000
30,Bachelor's,5,Database Administrator,Hyderabad,Full-time,Medium,1125000
40,Master's,18,Database Administrator,Pune,Full-time,Small,1709000
51,Master's,11,Data Analyst,Pune,Full-time,Startup,1190000
52,Bachelor's,23,Database Administrator,Kolkata,Part-time,Small,916000
44,Bachelor's,8,ML Engineer,Hyderabad,Full-time,Small,1512000
54,Bachelor's,4,Software Engineer,Mumbai,Full-time,Small,1060000
53,Bachelor's,23,Software Engineer,Delhi,Full-time,Medium,2725000
25,Bachelor's,1,ML Engineer,Pune,Full-time,Startup,1000000
33,PhD,6,Data Scientist,Delhi,Full-time,Startup,1372000
55,Bachelor's,9,Web Developer,Ahmedabad,Full-time,Medium,1065000
22,Bachelor's,0,Database Administrator,Kolkata,Part-time,Small,273000
21,PhD,0,Database Administrator,Ahmedabad,Full-time,Medium,778000
46,Master's,15,Business Analyst,Pune,Full-time,Medium,1860000
52,Bachelor's,21,Project Manager,Delhi,Contract,Large,2690000
39,Bachelor's,17,Software Engineer,Gurugram,Full-time,Medium,2141000
54,Bachelor's,13,Data Analyst,Pune,Full-time,Startup,1219000
31,PhD,4,Data Analyst,Noida,Full-time,Medium,1303000
32,Master's,10,Business Analyst,Mumbai,Full-time,Medium,1522000
25,PhD,3,Software Engineer,Bengaluru,Full-time,Large,1491000
45,Bachelor's,3,Software Engineer,Mumbai,Full-time,Small,788000
35,Bachelor's,13,Database Administrator,Noida,Full-time,Small,1529000
27,Bachelor's,2,Project Manager,Kolkata,Full-time,Startup,678000
49,Bachelor's,9,Product Analyst,Delhi,Full-time,Small,1196000
22,Bachelor's,0,Database Administrator,Mumbai,Full-time,Large,873000
23,Bachelor's,0,Database Administrator,Gurugram,Full-time,Startup,632000
49,PhD,11,Business Analyst,Hyderabad,Full-time,Medium,1616000
43,PhD,22,Data Scientist,Bengaluru,Full-time,Startup,2830000
27,Bachelor's,2,Web Developer,Ahmedabad,Full-time,Small,516000
22,Bachelor's,0,Business Analyst,Pune,Full-time,Small,586000
55,Bachelor's,26,Data Scientist,Mumbai,Part-time,Startup,1381000
31,Bachelor's,10,DevOps Engineer,Ahmedabad,Full-time,Large,1403000
33,Bachelor's,4,DevOps Engineer,Gurugram,Full-time,Startup,1046000
35,Bachelor's,8,DevOps Engineer,Mumbai,Full-time,Startup,1536000
41,Bachelor's,13,Product Analyst,Bengaluru,Full-time,Medium,1440000
35,Master's,4,ML Engineer,Delhi,Full-time,Medium,1667000
33,Master's,0,Database Administrator,Mumbai,Full-time,Medium,938000
31,Bachelor's,2,ML Engineer,Ahmedabad,Full-time,Large,1128000
37,Master's,3,Database Administrator,Gurugram,Full-time,Small,1153000
46,Bachelor's,17,Data Scientist,Mumbai,Full-time,Medium,2463000
38,Bachelor's,14,Web Developer,Pune,Full-time,Medium,1670000
28,Bachelor's,6,Web Developer,Bengaluru,Full-time,Small,987000
52,Master's,30,Product Analyst,Ahmedabad,Full-time,Small,1737000
33,Bachelor's,9,Data Analyst,Gurugram,Full-time,Medium,1544000
43,Master's,4,DevOps Engineer,Pune,Full-time,Startup,1173000
45,Bachelor's,13,Business Analyst,Chennai,Full-time,Medium,1320000
33,Bachelor's,2,Business Analyst,Delhi,Full-time,Large,923000
43,Bachelor's,5,DevOps Engineer,Gurugram,Full-time,Medium,1346000
32,Master's,5,Data Analyst,Ahmedabad,Contract,Large,931000
52,Master's,4,Software Engineer,Gurugram,Full-time,Startup,1106000
22,Master's,0,Product Analyst,Hyderabad,Full-time,Medium,1017000
37,Bachelor's,5,Project Manager,Gurugram,Full-time,Small,1343000
37,Bachelor's,16,Data Analyst,Chennai,Full-time,Medium,1319000
46,Master's,8,,Gurugram,Contract,Small,1282000
43,Bachelor's,12,DevOps Engineer,Mumbai,Full-time,Small,1494000
40,Master's,2,Business Analyst,Kolkata,Full-time,Small,835000
32,Bachelor's,8,Software Engineer,Pune,Full-time,Startup,1188000
44,Bachelor's,21,Software Engineer,Chennai,Full-time,Medium,1814000
31,Master's,2,Data Analyst,Kolkata,Full-time,Large,766000
40,Bachelor's,15,Software Engineer,Hyderabad,Full-time,Small,1944000
53,Bachelor's,22,DevOps Engineer,Ahmedabad,Full-time,Medium,1727000
50,Bachelor's,2,Web Developer,Bengaluru,Full-time,Large,1000000
52,Master's,21,Project Manager,,Full-time,Medium,2709000
54,PhD,28,ML Engineer,Pune,Full-time,Large,3185000
28,Master's,1,Software Engineer,Noida,Full-time,Large,1122000
54,Bachelor's,22,ML Engineer,Ahmedabad,Full-time,Startup,1899000
35,Master's,1,Software Engineer,Gurugram,Full-time,Startup,838000
52,Master's,18,Database Administrator,Kolkata,Part-time,Large,1116000
42,Bachelor's,15,ML Engineer,Mumbai,Full-time,Medium,2258000
34,Bachelor's,10,Business Analyst,Gurugram,Full-time,Medium,1430000
41,PhD,4,Business Analyst,Hyderabad,Full-time,Medium,1311000
52,Bachelor's,20,Database Administrator,Ahmedabad,Full-time,Large,2286000
41,Bachelor's,8,Business Analyst,Mumbai,Full-time,Startup,1245000
44,Bachelor's,19,Product Analyst,Pune,Full-time,Small,2121000
26,Bachelor's,2,Data Scientist,Pune,Full-time,Large,1271000
31,Master's,7,Web Developer,Hyderabad,Contract,Large,1287000
49,Bachelor's,15,Business Analyst,Kolkata,Contract,Startup,984000
24,PhD,1,Data Scientist,Delhi,Full-time,Large,1552000
49,Bachelor's,13,Project Manager,Gurugram,Full-time,Large,2209000
32,Bachelor's,1,Product Analyst,Kolkata,Full-time,Medium,618000
24,Bachelor's,0,Software Engineer,Hyderabad,Full-time,Startup,721000
30,Bachelor's,4,Database Administrator,Mumbai,Full-time,Large,1176000
53,Bachelor's,7,Project Manager,Mumbai,Full-time,Medium,1545000
46,Master's,22,Database Administrator,Noida,Full-time,Startup,2183000
49,Bachelor's,21,ML Engineer,Bengaluru,Contract,Startup,2465000
47,Bachelor's,1,DevOps Engineer,Mumbai,Full-time,Medium,1005000
34,Master's,13,Web Developer,Gurugram,Full-time,Large,2090000
43,Bachelor's,7,ML Engineer,Gurugram,Full-time,Large,1800000
36,Master's,10,Project Manager,Mumbai,Full-time,Startup,1822000
43,Master's,8,Business Analyst,Bengaluru,Full-time,Large,1574000
32,Bachelor's,8,Data Analyst,Ahmedabad,Full-time,Small,872000
34,Bachelor's,12,Database Administrator,Gurugram,Full-time,Startup,1417000
31,Master's,3,DevOps Engineer,Noida,Full-time,Small,1148000
45,Master's,24,Product Analyst,Noida,Full-time,Startup,2427000
24,Bachelor's,1,Database Administrator,,Contract,Small,634000
52,Bachelor's,9,Database Administrator,Kolkata,Contract,Small,948000
28,Bachelor's,0,Web Developer,Pune,Full-time,Startup,458000
34,PhD,5,ML Engineer,Gurugram,Full-time,Large,1864000
49,Bachelor's,7,Project Manager,Mumbai,Full-time,Startup,1342000
42,Bachelor's,8,Web Developer,Bengaluru,Full-time,Medium,1166000
33,Bachelor's,3,Business Analyst,Noida,Contract,Small,872000
33,Bachelor's,11,Product Analyst,Chennai,Full-time,Small,1404000
50,Master's,1,Database Administrator,Bengaluru,Full-time,Large,1027000
37,Bachelor's,5,Web Developer,Ahmedabad,Contract,Startup,724000
40,Master's,18,Data Scientist,Chennai,Full-time,Startup,1812000
33,Master's,7,Project Manager,Ahmedabad,Full-time,Medium,1275000
24,PhD,2,Database Administrator,Kolkata,Full-time,Large,997000
26,Master's,2,Business Analyst,Bengaluru,Full-time,Large,1184000
29,Master's,4,Project Manager,Mumbai,Full-time,Small,1573000
51,Bachelor's,5,ML Engineer,Ahmedabad,Full-time,Large,1430000
41,,11,DevOps Engineer,Ahmedabad,Contract,Large,1335000
49,Bachelor's,3,ML Engineer,Chennai,Full-time,Medium,1107000
44,Bachelor's,0,Project Manager,Gurugram,Full-time,Medium,1169000
23,Master's,0,Software Engineer,Hyderabad,Full-time,Startup,668000
22,PhD,0,ML Engineer,Kolkata,Full-time,Large,1114000
52,Master's,20,Web Developer,Delhi,Full-time,Large,2657000
52,PhD,7,DevOps Engineer,Mumbai,Full-time,Medium,1881000
45,PhD,8,Business Analyst,Chennai,Full-time,Small,1255000
46,Bachelor's,17,Project Manager,Bengaluru,Full-time,Large,2607000
30,Bachelor's,2,Web Developer,Pune,Full-time,Small,456000
29,Bachelor's,3,Web Developer,Kolkata,Full-time,Medium,524000
26,PhD,2,ML Engineer,Chennai,Full-time,Medium,1485000
32,Master's,8,Product Analyst,Pune,Full-time,Large,1718000
37,Master's,12,Product Analyst,Bengaluru,Full-time,Medium,1714000
37,Master's,14,Software Engineer,Hyderabad,Full-time,Medium,1961000
28,PhD,7,ML Engineer,Gurugram,Full-time,Small,1767000
24,Master's,1,Data Scientist,Ahmedabad,Full-time,Medium,821000
29,Bachelor's,1,Data Scientist,Gurugram,Full-time,Small,1085000
37,Master's,8,ML Engineer,Kolkata,Full-time,Startup,1369000
21,Bachelor's,0,ML Engineer,Hyderabad,Contract,Small,1033000
23,Bachelor's,1,ML Engineer,Pune,Full-time,Startup,1047000
47,Master's,14,Data Scientist,Pune,Full-time,Small,1865000
24,Bachelor's,3,Data Analyst,Chennai,Contract,Startup,764000
31,Bachelor's,1,Project Manager,Bengaluru,Full-time,Small,1027000
44,Master's,4,Data Scientist,Delhi,Contract,Startup,1267000
25,Bachelor's,4,DevOps Engineer,Bengaluru,Full-time,Startup,1136000
54,Bachelor's,15,Project Manager,Chennai,Full-time,Small,1696000
38,Bachelor's,17,Product Analyst,Pune,Contract,Startup,1296000
50,Bachelor's,23,Data Analyst,Noida,Contract,Large,2841000
36,PhD,12,Business Analyst,Chennai,Full-time,Large,1646000
52,Master's,8,Project Manager,Bengaluru,Full-time,Small,1575000
41,Master's,5,Business Analyst,Pune,Full-time,Startup,933000
32,Bachelor's,9,Business Analyst,Hyderabad,Full-time,Large,1374000
40,Bachelor's,15,Project Manager,Mumbai,Full-time,Small,1896000
38,Bachelor's,17,Data Scientist,Bengaluru,Contract,Small,1941000
33,Bachelor's,7,Data Scientist,Pune,Full-time,Large,1615000
52,PhD,4,Software Engineer,Hyderabad,Full-time,Startup,1170000
50,PhD,14,Software Engineer,Bengaluru,Full-time,Large,1989000
54,Master's,20,Data Scientist,Gurugram,Full-time,Large,2516000
42,Bachelor's,17,Product Analyst,Kolkata,Contract,Large,1850000
46,Master's,9,Software Engineer,Pune,Full-time,Large,1846000
49,Bachelor's,18,DevOps Engineer,Noida,Full-time,Medium,2398000
41,Bachelor's,3,Data Analyst,Chennai,Full-time,Medium,882000
24,Master's,0,Data Scientist,,Full-time,Startup,1021000
43,Bachelor's,17,Business Analyst,Mumbai,Full-time,Medium,1995000
26,Master's,0,Web Developer,Kolkata,Part-time,Small,334000
21,Bachelor's,0,Software Engineer,Noida,Full-time,Startup,637000
30,Bachelor's,0,Business Analyst,Mumbai,Full-time,Startup,775000
55,Master's,20,Web Developer,Kolkata,Full-time,Medium,1547000
40,Master's,7,Database Administrator,Ahmedabad,Full-time,Medium,1080000
46,Master's,20,Web Developer,Kolkata,Contract,Small,1265000
51,Bachelor's,29,Software Engineer,Hyderabad,Contract,Small,2077000
24,Bachelor's,1,Software Engineer,Bengaluru,Full-time,Large,1027000
42,Bachelor's,9,Data Scientist,Pune,Full-time,Startup,1228000
33,Master's,2,Database Administrator,Bengaluru,Full-time,Startup,990000
50,Bachelor's,22,Data Analyst,Kolkata,Full-time,Medium,1563000
26,Bachelor's,0,DevOps Engineer,Hyderabad,Full-time,Large,1074000
42,Master's,13,Data Analyst,Delhi,Contract,Startup,1423000
38,Master's,13,Data Analyst,Bengaluru,Full-time,Startup,1455000
38,Master's,17,Software Engineer,Kolkata,Full-time,Large,1739000
52,Master's,30,Product Analyst,Hyderabad,Contract,Small,2040000
42,Bachelor's,10,Product Analyst,Noida,Full-time,Startup,1363000
36,Bachelor's,6,Data Scientist,Ahmedabad,Full-time,Small,962000
39,Master's,16,Data Analyst,Delhi,Full-time,Small,1669000
45,Bachelor's,8,ML Engineer,Hyderabad,Full-time,Medium,1962000
55,Master's,6,Software Engineer,Noida,Full-time,Large,1323000
47,Master's,17,Project Manager,Delhi,Full-time,Small,2278000
26,Bachelor's,5,Web Developer,Gurugram,Full-time,Startup,823000
39,Master's,10,Data Scientist,Chennai,Full-time,Small,1618000
44,PhD,10,Business Analyst,Pune,Full-time,Medium,1652000
26,PhD,2,Product Analyst,Delhi,Full-time,Large,1145000
32,Master's,5,Web Developer,Mumbai,Full-time,Medium,1165000
40,Bachelor's,3,Project Manager,Kolkata,Full-time,Startup,945000
42,Master's,1,Software Engineer,Kolkata,Full-time,Medium,608000
39,PhD,3,Project Manager,Noida,Full-time,Small,1258000
35,Master's,3,Database Administrator,Chennai,Full-time,Small,800000
29,Bachelor's,5,Product Analyst,Chennai,Full-time,Medium,1126000
53,Bachelor's,15,DevOps Engineer,Ahmedabad,Full-time,Startup,1274000
37,Bachelor's,6,Data Analyst,Chennai,Full-time,Medium,972000
52,Bachelor's,2,Business Analyst,Noida,Full-time,Small,746000
39,Master's,12,Database Administrator,Chennai,Full-time,Startup,1244000
25,Bachelor's,1,Business Analyst,Kolkata,Full-time,Startup,421000
42,Bachelor's,14,Data Scientist,Pune,Contract,Startup,1504000
50,,20,DevOps Engineer,Gurugram,Contract,Large,2139000
29,Bachelor's,8,Software Engineer,Kolkata,Full-time,Startup,912000
38,Bachelor's,6,DevOps Engineer,Kolkata,Full-time,Large,1239000
41,Bachelor's,0,ML Engineer,Delhi,Full-time,Startup,1038000
28,Bachelor's,4,Data Analyst,Noida,Contract,Medium,700000
49,Bachelor's,11,Web Developer,Mumbai,Full-time,Large,1573000
38,Bachelor's,17,Product Analyst,Mumbai,Full-time,Small,1981000
22,Bachelor's,0,Web Developer,Bengaluru,Full-time,Large,475000
29,Bachelor's,2,Database Administrator,Delhi,Full-time,Medium,956000
36,Bachelor's,1,ML Engineer,Pune,Full-time,Large,1150000
54,Master's,18,ML Engineer,Noida,Full-time,Large,2467000
25,Bachelor's,3,ML Engineer,Noida,Full-time,Medium,1365000
32,Bachelor's,10,Software Engineer,Noida,Full-time,Large,1680000
53,Master's,26,Data Analyst,Mumbai,Full-time,Small,1919000
31,Master's,2,ML Engineer,Mumbai,Full-time,Startup,1316000
48,PhD,18,Web Developer,Gurugram,Full-time,Startup,1573000
50,Master's,1,,Ahmedabad,Contract,Large,1012000
38,Master's,4,Database Administrator,Noida,Part-time,Startup,537000
48,Master's,10,ML Engineer,Kolkata,Full-time,Startup,1311000
43,Master's,13,Business Analyst,Pune,Contract,Startup,1362000
27,Bachelor's,6,Data Analyst,Delhi,Full-time,Large,1247000
26,Bachelor's,3,Project Manager,Hyderabad,Full-time,Small,1130000
54,Master's,19,ML Engineer,Kolkata,Contract,Medium,1797000
55,Bachelor's,23,Web Developer,Mumbai,Full-time,Large,2348000
53,Bachelor's,25,Web Developer,Hyderabad,Full-time,Small,2133000
42,PhD,2,Data Analyst,Mumbai,Full-time,Large,1188000
26,Bachelor's,3,Web Developer,Gurugram,Full-time,Large,999000
43,Bachelor's,0,Data Scientist,Ahmedabad,Full-time,Large,664000
52,PhD,11,DevOps Engineer,Kolkata,Full-time,Medium,1738000
55,Bachelor's,1,Project Manager,Pune,Full-time,Large,1228000
35,Bachelor's,6,Data Scientist,Hyderabad,Full-time,Startup,1036000
30,PhD,4,ML Engineer,Ahmedabad,Full-time,Large,1564000
34,Bachelor's,11,Data Scientist,Hyderabad,Contract,Medium,1637000
42,Bachelor's,13,Business Analyst,Pune,Full-time,Medium,1566000
25,Master's,1,DevOps Engineer,Mumbai,Contract,Small,955000
43,Master's,9,Software Engineer,Mumbai,Full-time,Large,1745000
26,Bachelor's,1,Project Manager,Noida,Full-time,Medium,1074000
27,Bachelor's,2,Data Analyst,Gurugram,Full-time,Small,676000
50,Bachelor's,12,ML Engineer,Chennai,Full-time,Medium,1761000
23,PhD,0,Software Engineer,Gurugram,Full-time,Startup,983000
49,Master's,14,Business Analyst,Bengaluru,Contract,Small,1576000
24,Master's,0,DevOps Engineer,Noida,Full-time,Medium,1147000
21,PhD,0,DevOps Engineer,Bengaluru,Full-time,Startup,1016000
54,Bachelor's,27,DevOps Engineer,Delhi,Full-time,Large,3151000
38,,14,Product Analyst,Hyderabad,Contract,Startup,1530000
45,Bachelor's,22,DevOps Engineer,Chennai,Full-time,Large,2867000
46,Bachelor's,19,Product Analyst,Ahmedabad,Full-time,Startup,1290000
37,Bachelor's,3,Project Manager,Delhi,Full-time,Large,1486000
36,Bachelor's,8,Software Engineer,Noida,Full-time,Startup,1207000
35,Master's,4,Business Analyst,,Full-time,Medium,615000
46,Master's,2,ML Engineer,Hyderabad,Full-time,Large,1513000
46,Bachelor's,12,Project Manager,Pune,Full-time,Large,2296000
52,Master's,15,Product Analyst,Hyderabad,Full-time,Large,1991000
39,Bachelor's,17,Database Administrator,,Full-time,Medium,1769000
37,Master's,6,DevOps Engineer,Hyderabad,Full-time,Large,1915000
45,Master's,16,Data Scientist,Hyderabad,Full-time,Medium,1937000
42,Bachelor's,11,Product Analyst,Ahmedabad,Full-time,Startup,1209000
45,Master's,14,Project Manager,Delhi,Full-time,Large,2636000
26,Bachelor's,0,Database Administrator,Hyderabad,Full-time,Small,799000
53,Bachelor's,23,Product Analyst,Kolkata,Full-time,Startup,1477000
46,Master's,16,Product Analyst,Kolkata,Full-time,Medium,1462000
41,PhD,13,Project Manager,Bengaluru,Full-time,Large,2580000
27,Master's,2,Business Analyst,Bengaluru,Full-time,Small,851000
50,Bachelor's,24,Data Analyst,Bengaluru,Contract,Startup,1882000
23,,2,ML Engineer,Mumbai,Contract,Large,1760000
42,Bachelor's,17,Business Analyst,Gurugram,Full-time,Medium,1690000
27,Bachelor's,1,Product Analyst,Mumbai,Full-time,Startup,622000
45,PhD,2,Data Scientist,Ahmedabad,Full-time,Medium,1091000
51,Bachelor's,29,Data Analyst,Bengaluru,Full-time,Large,2915000
40,Master's,2,ML Engineer,Delhi,Full-time,Medium,1391000
47,Master's,20,ML Engineer,Delhi,Full-time,Large,2674000
37,Bachelor's,1,Business Analyst,Noida,Full-time,Medium,746000
32,Master's,10,Product Analyst,Noida,Contract,Medium,1240000
42,Master's,2,Product Analyst,Delhi,Full-time,Medium,897000
44,Master's,20,Database Administrator,Pune,Full-time,Large,3061000
37,Bachelor's,3,Database Administrator,Delhi,Full-time,Small,801000
36,Master's,13,Data Scientist,Mumbai,Full-time,Medium,2389000
33,PhD,10,Data Analyst,Noida,Part-time,Startup,805000
40,Bachelor's,14,Software Engineer,Ahmedabad,Full-time,Startup,1243000
53,Master's,23,Data Scientist,Ahmedabad,Part-time,Medium,1128000
27,Bachelor's,4,Product Analyst,Hyderabad,Full-time,Large,1081000
50,Bachelor's,22,Web Developer,Gurugram,Full-time,Small,2320000
31,Bachelor's,6,ML Engineer,Hyderabad,Full-time,Medium,1531000
30,Bachelor's,9,Database Administrator,Hyderabad,Contract,Small,1455000
33,Bachelor's,5,Software Engineer,Gurugram,Full-time,Medium,1318000
23,Bachelor's,2,Business Analyst,Hyderabad,Part-time,Large,519000
47,Master's,0,Software Engineer,Delhi,Full-time,Startup,709000
41,Master's,2,DevOps Engineer,Hyderabad,Full-time,Medium,1140000
47,Bachelor's,19,Data Analyst,Chennai,Full-time,Medium,2023000
29,Master's,6,DevOps Engineer,Pune,Full-time,Large,1683000
22,Bachelor's,1,Software Engineer,Hyderabad,Full-time,Small,687000
48,Bachelor's,20,DevOps Engineer,Gurugram,Contract,Large,2902000
31,Master's,1,Data Scientist,Delhi,Contract,Medium,1363000
22,Bachelor's,0,Web Developer,Delhi,Full-time,Small,491000
24,Master's,1,Data Analyst,Hyderabad,Full-time,Large,733000
31,Bachelor's,0,Database Administrator,Delhi,Full-time,Large,781000
54,Master's,6,Project Manager,Kolkata,Full-time,Small,1138000
24,Bachelor's,0,DevOps Engineer,Ahmedabad,Full-time,Small,679000
24,Bachelor's,2,Business Analyst,Ahmedabad,Full-time,Small,555000
50,Bachelor's,18,Project Manager,Chennai,Full-time,Startup,1791000
35,PhD,9,Data Scientist,Mumbai,Full-time,Large,2413000
35,PhD,6,Project Manager,Kolkata,Contract,Medium,1120000
24,Master's,1,Product Analyst,Delhi,Full-time,Small,802000
21,Master's,0,Business Analyst,Mumbai,Full-time,Large,908000
42,Bachelor's,10,Business Analyst,Mumbai,Contract,Medium,1486000
36,Master's,2,Product Analyst,Ahmedabad,Full-time,Medium,766000
26,,3,Software Engineer,Hyderabad,Full-time,Medium,935000
35,Master's,1,Data Analyst,Ahmedabad,Full-time,Large,709000
49,Bachelor's,21,Business Analyst,Pune,Full-time,Large,2776000
29,Bachelor's,3,Software Engineer,Chennai,Full-time,Small,811000
26,Bachelor's,5,Web Developer,Hyderabad,Full-time,Large,1052000
53,Master's,4,Project Manager,Bengaluru,Contract,Startup,1155000
47,Bachelor's,5,Database Administrator,Pune,Part-time,Large,693000
50,Bachelor's,17,DevOps Engineer,Kolkata,Full-time,Medium,2017000
52,Bachelor's,14,Data Analyst,Ahmedabad,Full-time,Large,1346000
36,Bachelor's,7,ML Engineer,Noida,Full-time,Large,1710000
22,Bachelor's,0,Data Analyst,Chennai,Full-time,Startup,603000
29,Bachelor's,4,Software Engineer,Noida,Full-time,Large,1084000
46,Bachelor's,16,Data Scientist,Chennai,Full-time,Large,2539000
53,Bachelor's,6,Data Scientist,Pune,Full-time,Startup,1204000
33,Master's,4,Business Analyst,Delhi,Part-time,Startup,431000
23,PhD,2,Software Engineer,Chennai,Part-time,Small,487000
45,Master's,9,Project Manager,Delhi,Full-time,Large,1965000
55,Master's,14,Database Administrator,Gurugram,Full-time,Medium,2345000
47,Bachelor's,18,Data Scientist,Pune,Full-time,Medium,2365000
21,Master's,0,DevOps Engineer,Chennai,Contract,Large,1130000
49,PhD,9,Data Analyst,Ahmedabad,Full-time,Small,997000
40,Bachelor's,4,Software Engineer,Bengaluru,Full-time,Large,1343000
34,Bachelor's,8,Software Engineer,Bengaluru,Full-time,Small,1332000
38,Bachelor's,15,Web Developer,Chennai,Full-time,Startup,1538000
32,Bachelor's,9,Data Analyst,Chennai,Contract,Medium,1215000
23,Bachelor's,0,Web Developer,Gurugram,Full-time,Medium,587000
43,Bachelor's,5,Project Manager,Noida,Full-time,Medium,1407000
21,Master's,0,Business Analyst,Chennai,Full-time,Medium,709000
34,Master's,3,Business Analyst,Kolkata,Full-time,Large,1012000
27,Master's,4,Product Analyst,Pune,Full-time,Medium,884000
23,PhD,2,Data Scientist,Pune,Contract,Medium,1135000
51,,29,Business Analyst,Mumbai,Full-time,Startup,2865000
40,Bachelor's,5,Business Analyst,Ahmedabad,Full-time,Startup,540000
43,Bachelor's,20,Data Scientist,Delhi,Full-time,Medium,2521000
46,Bachelor's,4,Product Analyst,Hyderabad,Full-time,Startup,676000
32,Bachelor's,8,ML Engineer,Noida,Full-time,Startup,1334000
47,Bachelor's,2,Web Developer,,Full-time,Large,577000
42,Master's,18,Product Analyst,Mumbai,Full-time,Small,1698000
38,Master's,9,ML Engineer,Pune,Full-time,Medium,1759000
38,PhD,8,Web Developer,Kolkata,Full-time,Startup,960000
26,,0,Web Developer,Kolkata,Full-time,Small,427000
21,Bachelor's,0,Data Scientist,Delhi,Contract,Large,1276000
22,Master's,0,Project Manager,Gurugram,Part-time,Small,600000
49,Master's,18,Project Manager,Kolkata,Contract,Large,2310000
36,Master's,1,Project Manager,Ahmedabad,Full-time,Small,862000
53,Bachelor's,25,Data Scientist,Mumbai,Full-time,Medium,3052000
36,PhD,10,Database Administrator,Hyderabad,Full-time,Large,2032000
54,Bachelor's,12,Data Analyst,Pune,Full-time,Medium,1575000
41,PhD,14,Business Analyst,Mumbai,Full-time,Startup,1796000
44,Bachelor's,12,Product Analyst,Noida,Contract,Medium,1498000
30,Bachelor's,5,DevOps Engineer,Bengaluru,Contract,Medium,1386000
27,Bachelor's,3,Product Analyst,Noida,Full-time,Large,1061000
38,Master's,0,Project Manager,Mumbai,Full-time,Medium,1209000
41,Bachelor's,3,Project Manager,Bengaluru,Contract,Small,1222000
30,Bachelor's,6,Business Analyst,Pune,Full-time,Startup,1006000
31,Bachelor's,10,Product Analyst,Noida,Full-time,Large,1511000
50,Bachelor's,27,Business Analyst,Bengaluru,Part-time,Small,1088000
38,Master's,3,Data Analyst,Ahmedabad,Full-time,Small,608000
38,Bachelor's,3,Data Analyst,Bengaluru,Full-time,Medium,861000
38,Bachelor's,9,Database Administrator,Chennai,Full-time,Startup,1065000
30,Bachelor's,9,Data Scientist,Pune,Contract,Large,1899000
55,Master's,2,Business Analyst,Mumbai,Full-time,Startup,856000
25,Master's,2,ML Engineer,Bengaluru,Full-time,Medium,1462000
47,Bachelor's,14,Database Administrator,Mumbai,Full-time,Large,1796000
44,Bachelor's,7,Data Analyst,Delhi,Full-time,Small,1043000
39,Bachelor's,6,Data Analyst,Ahmedabad,Full-time,Medium,746000
52,PhD,23,Data Analyst,Pune,Full-time,Large,3090000
51,Master's,22,Data Analyst,Chennai,Full-time,Large,2582000
47,Master's,1,Business Analyst,Kolkata,Full-time,Medium,808000
47,Master's,25,Project Manager,Pune,Full-time,Medium,2539000
48,PhD,7,Software Engineer,Noida,Full-time,Medium,1497000
46,Bachelor's,25,DevOps Engineer,Pune,Contract,Startup,2068000
39,Bachelor's,3,Product Analyst,Bengaluru,Full-time,Medium,1048000
45,Bachelor's,17,Product Analyst,Kolkata,Full-time,Medium,1492000
34,Master's,3,Software Engineer,Hyderabad,Full-time,Large,1313000
28,Master's,5,Database Administrator,Hyderabad,Full-time,Medium,1259000
52,Bachelor's,9,Data Analyst,Delhi,Part-time,Large,986000
35,Bachelor's,7,Database Administrator,Kolkata,Contract,Small,834000
39,Bachelor's,5,Data Analyst,Hyderabad,Full-time,Medium,1208000
24,Bachelor's,0,Data Scientist,Pune,Contract,Medium,895000
45,PhD,22,ML Engineer,Delhi,Full-time,Medium,2723000
52,Master's,21,Data Analyst,Gurugram,Full-time,Small,2152000
48,Master's,7,Software Engineer,Delhi,Full-time,Medium,1368000
39,Bachelor's,7,ML Engineer,Hyderabad,Part-time,Medium,748000
32,Bachelor's,6,Software Engineer,Hyderabad,Part-time,Medium,638000
37,Bachelor's,16,Business Analyst,Kolkata,Full-time,Small,1325000
51,Bachelor's,8,Software Engineer,Delhi,Full-time,Large,1609000
43,Bachelor's,19,Data Analyst,Noida,Full-time,Small,1977000
33,PhD,11,ML Engineer,Noida,Full-time,Medium,1830000
27,Bachelor's,6,Database Administrator,Delhi,Full-time,Small,878000
35,Master's,12,Business Analyst,Delhi,Full-time,Small,1439000
28,Master's,5,Business Analyst,Hyderabad,Full-time,Startup,1119000
39,Bachelor's,0,Project Manager,Hyderabad,Contract,Small,1218000
44,Master's,0,Software Engineer,Ahmedabad,Contract,Medium,676000
23,Bachelor's,0,Database Administrator,Kolkata,Contract,Small,616000
44,Master's,20,Web Developer,Kolkata,Full-time,Medium,1510000
33,Bachelor's,10,ML Engineer,Gurugram,Full-time,Startup,1466000
38,Master's,9,DevOps Engineer,Delhi,Full-time,Startup,1503000
37,Bachelor's,11,Database Administrator,Hyderabad,Full-time,Startup,1315000
32,Bachelor's,8,ML Engineer,Gurugram,Full-time,Startup,1430000
25,Master's,0,Software Engineer,Hyderabad,Full-time,Startup,627000
37,Bachelor's,3,Project Manager,Mumbai,Full-time,Startup,1125000
43,Bachelor's,18,Software Engineer,Hyderabad,Full-time,Large,1875000
55,Bachelor's,1,Project Manager,Ahmedabad,Full-time,Large,1003000
46,Bachelor's,23,Database Administrator,Pune,Full-time,Large,2490000
23,Master's,2,Web Developer,Noida,Full-time,Medium,616000
40,Master's,13,Project Manager,Ahmedabad,Full-time,Medium,1767000
55,Master's,6,Business Analyst,Chennai,Full-time,Startup,980000
39,Master's,10,DevOps Engineer,Hyderabad,Full-time,Large,1754000
43,Master's,12,Project Manager,Hyderabad,Full-time,Large,2299000
51,Bachelor's,7,DevOps Engineer,Bengaluru,Full-time,Large,1765000
48,Bachelor's,1,Data Scientist,Kolkata,Contract,Large,1058000
38,Bachelor's,17,Data Analyst,Hyderabad,Part-time,Large,1053000
31,Master's,3,Software Engineer,Gurugram,Full-time,Large,1296000
43,Bachelor's,14,Business Analyst,Chennai,Full-time,Large,1547000
42,,21,Business Analyst,Hyderabad,Full-time,Small,1856000
24,Master's,1,Product Analyst,Kolkata,Full-time,Medium,633000
33,Bachelor's,5,Product Analyst,Mumbai,Contract,Medium,1054000
50,Master's,0,DevOps Engineer,Delhi,Full-time,Medium,1049000
38,Master's,7,Product Analyst,Mumbai,Full-time,Large,1649000
31,Bachelor's,0,Product Analyst,Hyderabad,Full-time,Large,704000
40,Master's,8,DevOps Engineer,Gurugram,Full-time,Large,1852000
50,Bachelor's,13,Product Analyst,Ahmedabad,Contract,Medium,1366000
42,Bachelor's,1,Project Manager,Ahmedabad,Full-time,Startup,903000
47,Bachelor's,2,DevOps Engineer,Mumbai,Full-time,Startup,1013000
23,,0,Data Scientist,Gurugram,Contract,Small,734000
41,Bachelor's,18,Database Administrator,Noida,Full-time,Large,2311000
44,Bachelor's,20,DevOps Engineer,Pune,Full-time,Small,1831000
36,Bachelor's,6,DevOps Engineer,Mumbai,Full-time,Large,1614000
51,Bachelor's,25,Business Analyst,Bengaluru,Full-time,Large,2523000
39,Master's,13,ML Engineer,Noida,Contract,Large,2360000
27,PhD,1,Web Developer,Delhi,Full-time,Startup,959000
42,Bachelor's,19,Product Analyst,Mumbai,Contract,Medium,1728000
43,Bachelor's,10,Web Developer,Kolkata,Full-time,Startup,1032000
43,Bachelor's,20,ML Engineer,Chennai,Full-time,Medium,2257000
24,PhD,3,DevOps Engineer,Ahmedabad,Full-time,Startup,936000
36,Bachelor's,10,ML Engineer,Delhi,Full-time,Small,1561000
42,Master's,1,DevOps Engineer,Chennai,Full-time,Small,1004000
53,Master's,30,Data Scientist,Kolkata,Full-time,Medium,2999000
42,Master's,13,Data Scientist,Pune,Full-time,Startup,1661000
39,Master's,11,DevOps Engineer,Hyderabad,Full-time,Large,2067000
24,Bachelor's,3,Data Analyst,Gurugram,Full-time,Startup,630000
38,Master's,8,Business Analyst,Kolkata,Full-time,Large,1107000
39,Master's,3,Data Analyst,Hyderabad,Contract,Medium,842000
33,,6,Data Analyst,,Contract,Large,1055000
51,Bachelor's,6,Project Manager,Mumbai,Full-time,Large,1814000
25,Master's,3,DevOps Engineer,Ahmedabad,Full-time,Startup,1005000
26,Bachelor's,5,Software Engineer,Chennai,Full-time,Small,954000
33,Bachelor's,6,Data Scientist,Delhi,Contract,Medium,1365000
24,Master's,3,Data Analyst,Hyderabad,Full-time,Startup,707000
43,PhD,5,Data Scientist,Hyderabad,Full-time,Startup,1309000
37,Bachelor's,6,Data Scientist,Pune,Contract,Large,1357000
48,Bachelor's,14,ML Engineer,Hyderabad,Full-time,Small,1803000
31,PhD,8,Web Developer,Ahmedabad,Contract,Small,971000
37,Master's,12,Software Engineer,Gurugram,Full-time,Small,1637000
48,Master's,12,DevOps Engineer,Noida,Full-time,Large,2102000
52,PhD,7,Product Analyst,Kolkata,Full-time,Large,1222000
30,Master's,0,ML Engineer,Hyderabad,Contract,Small,1276000
51,Master's,4,Data Analyst,Bengaluru,Full-time,Startup,956000
27,Bachelor's,5,DevOps Engineer,Mumbai,Full-time,Small,1274000
32,Master's,8,Web Developer,Bengaluru,Full-time,Small,1264000
38,Bachelor's,1,Product Analyst,Bengaluru,Full-time,Medium,780000
25,Bachelor's,3,ML Engineer,Noida,Full-time,Medium,1365000
48,Bachelor's,21,ML Engineer,Hyderabad,Full-time,Large,2867000
24,Master's,0,Data Scientist,Chennai,Full-time,Medium,1204000
28,Master's,5,Software Engineer,Noida,Contract,Large,1387000
26,PhD,2,ML Engineer,Chennai,Full-time,Medium,1485000
42,Master's,13,Web Developer,Gurugram,Contract,Medium,1653000
42,Bachelor's,0,ML Engineer,Gurugram,Contract,Large,1411000
55,Master's,18,ML Engineer,Kolkata,Full-time,Small,1788000
47,Master's,0,Software Engineer,Delhi,Full-time,Startup,709000
26,Bachelor's,5,Web Developer,Hyderabad,Full-time,Large,1052000
25,PhD,2,Data Analyst,Gurugram,Full-time,Small,904000
26,Master's,1,Data Analyst,Chennai,Full-time,Medium,812000
46,Master's,24,Project Manager,Pune,Full-time,Large,2896000
24,Master's,2,Web Developer,Chennai,Full-time,Large,944000
46,Bachelor's,23,Database Administrator,Pune,Full-time,Large,2490000
31,Bachelor's,8,Database Administrator,Ahmedabad,Full-time,Medium,883000
31,Master's,9,Data Scientist,Delhi,Full-time,Small,1403000
37,Master's,0,Product Analyst,Mumbai,Contract,Startup,775000
23,Bachelor's,1,Project Manager,Noida,Full-time,Medium,956000
50,Bachelor's,14,Data Analyst,Pune,Full-time,Medium,1579000
30,Bachelor's,2,DevOps Engineer,Noida,Full-time,Startup,921000
25,Bachelor's,4,ML Engineer,Hyderabad,Full-time,Startup,1117000
38,Bachelor's,2,Project Manager,Bengaluru,Full-time,Large,1405000
41,Bachelor's,8,Business Analyst,Mumbai,Full-time,Startup,1245000
25,Bachelor's,1,Data Analyst,Chennai,Full-time,Large,941000
42,Bachelor's,10,Project Manager,Ahmedabad,Full-time,Startup,1269000
